product_id,snapshot_date,timestep,month,actuals,forecast,unit_cost,price
A01-30-8138-24,2025-09-01,1,2025-10-01,0.0,308.7,,2.5
A01-30-8138-24,2025-10-01,1,2025-11-01,0.0,218.6,,2.5
A01-30-8138-24,2025-09-01,2,2025-12-01,0.0,309.0,,2.5
A01-30-8138-24,2025-11-01,1,2025-12-01,0.0,225.5,,2.5
A01-30-8138-24,2025-10-01,2,2026-01-01,48.0,224.4,2.5,2.5
A01-30-8138-24,2025-12-01,1,2026-01-01,48.0,128.2,2.5,2.5
A01-30-8138-24,2025-09-01,3,2026-02-01,216000.0,311.1,2.5,2.5
A01-30-8138-24,2025-11-01,2,2026-02-01,216000.0,189.1,2.5,2.5
A01-30-8138-24,2026-01-01,1,2026-02-01,216000.0,57.7,2.5,2.5
A01-30-8138-24,2025-10-01,3,2026-03-01,105000.0,230.3,2.5,2.5
A01-30-8138-24,2025-12-01,2,2026-03-01,105000.0,127.4,2.5,2.5
A01-30-8138-24,2026-02-01,1,2026-03-01,105000.0,69499.2,2.5,2.5
A01-30-8138-24,2025-09-01,4,2026-04-01,69984.0,315.8,2.5,2.5
A01-30-8138-24,2025-11-01,3,2026-04-01,69984.0,215.5,2.5,2.5
A01-30-8138-24,2026-01-01,2,2026-04-01,69984.0,37.6,2.5,2.5
A01-30-8138-24,2025-10-01,4,2026-05-01,0.0,253.8,,2.5
A01-30-8138-24,2025-12-01,3,2026-05-01,0.0,121.6,,2.5
A01-30-8138-24,2026-02-01,2,2026-05-01,0.0,70096.0,,2.5
A01-30-8138-24,2025-09-01,5,2026-06-01,0.0,314.5,,2.5
A01-30-8138-24,2025-11-01,4,2026-06-01,0.0,196.4,,2.5
A01-30-8138-24,2026-01-01,3,2026-06-01,0.0,42.1,,2.5
A01-30-8138-24,2026-06-01,1,2026-06-01,0.0,0.0,,2.5
A01-30-8138-24,2025-10-01,5,2026-07-01,150000.0,242.5,2.5,2.5
A01-30-8138-24,2025-12-01,4,2026-07-01,150000.0,125.3,2.5,2.5
A01-30-8138-24,2026-02-01,3,2026-07-01,150000.0,70527.2,2.5,2.5
A01-30-8138-24,2026-07-01,1,2026-07-01,150000.0,150000.0,2.5,2.5
A02-30-8821-12,2025-09-01,1,2025-10-01,0.0,202.8,,5.591
A02-30-8821-12,2025-10-01,1,2025-11-01,0.0,2.9,,5.591
A02-30-8821-12,2025-09-01,2,2025-12-01,3600.0,454.4,7.0,5.591
A02-30-8821-12,2025-11-01,1,2025-12-01,3600.0,5.0,7.0,5.591
A02-30-8821-12,2025-10-01,2,2026-01-01,35988.0,432.7,6.5,5.591
A02-30-8821-12,2025-12-01,1,2026-01-01,35988.0,4313.7,6.5,5.591
A02-30-8821-12,2025-09-01,3,2026-02-01,15252.0,442.1,6.083,5.591
A02-30-8821-12,2025-11-01,2,2026-02-01,15252.0,318.9,6.083,5.591
A02-30-8821-12,2026-01-01,1,2026-02-01,15252.0,18903.4,6.083,5.591
A02-30-8821-12,2025-10-01,3,2026-03-01,14112.0,507.6,6.5,5.591
A02-30-8821-12,2025-12-01,2,2026-03-01,14112.0,4521.3,6.5,5.591
A02-30-8821-12,2026-02-01,1,2026-03-01,14112.0,14331.9,6.5,5.591
A02-30-8821-12,2025-09-01,4,2026-04-01,25044.0,413.2,5.75,5.591
A02-30-8821-12,2025-11-01,3,2026-04-01,25044.0,440.6,5.75,5.591
A02-30-8821-12,2026-01-01,2,2026-04-01,25044.0,20080.3,5.75,5.591
A02-30-8821-12,2025-10-01,4,2026-05-01,18828.0,647.1,5.553,5.591
A02-30-8821-12,2025-12-01,3,2026-05-01,18828.0,4502.7,5.553,5.591
A02-30-8821-12,2026-02-01,2,2026-05-01,18828.0,14414.5,5.553,5.591
A02-30-8821-12,2026-05-01,1,2026-05-01,18828.0,0.0,5.553,5.591
A02-30-8821-12,2025-09-01,5,2026-06-01,15516.0,387.2,5.875,5.591
A02-30-8821-12,2025-11-01,4,2026-06-01,15516.0,566.3,5.875,5.591
A02-30-8821-12,2026-01-01,3,2026-06-01,15516.0,19707.1,5.875,5.591
A02-30-8821-12,2026-06-01,1,2026-06-01,15516.0,19605.0,5.875,5.591
A02-30-8821-12,2025-10-01,5,2026-07-01,22896.0,862.4,5.678,5.591
A02-30-8821-12,2025-12-01,4,2026-07-01,22896.0,4143.4,5.678,5.591
A02-30-8821-12,2026-02-01,3,2026-07-01,22896.0,14532.1,5.678,5.591
A02-30-8821-12,2026-05-01,2,2026-07-01,22896.0,0.0,5.678,5.591
A02-30-8821-12,2026-07-01,1,2026-07-01,22896.0,21443.8,5.678,5.591
A02-30-9166-8,2025-09-01,1,2025-10-01,0.0,2.8,,6.836
A02-30-9166-8,2025-10-01,1,2025-11-01,0.0,1.4,,6.836
A02-30-9166-8,2025-09-01,2,2025-12-01,0.0,24.2,,6.836
A02-30-9166-8,2025-11-01,1,2025-12-01,0.0,2.1,,6.836
A02-30-9166-8,2025-10-01,2,2026-01-01,0.0,33.1,,6.836
A02-30-9166-8,2025-12-01,1,2026-01-01,0.0,18.0,,6.836
A02-30-9166-8,2025-09-01,3,2026-02-01,784.0,30.6,6.8,6.836
A02-30-9166-8,2025-11-01,2,2026-02-01,784.0,22.0,6.8,6.836
A02-30-9166-8,2026-01-01,1,2026-02-01,784.0,40.5,6.8,6.836
A02-30-9166-8,2025-10-01,3,2026-03-01,16.0,54.0,7.272,6.836
A02-30-9166-8,2025-12-01,2,2026-03-01,16.0,27.2,7.272,6.836
A02-30-9166-8,2026-02-01,1,2026-03-01,16.0,521.8,7.272,6.836
A02-30-9166-8,2025-09-01,4,2026-04-01,600.0,16.9,7.015,6.836
A02-30-9166-8,2025-11-01,3,2026-04-01,600.0,46.2,7.015,6.836
A02-30-9166-8,2026-01-01,2,2026-04-01,600.0,66.5,7.015,6.836
A02-30-9166-8,2025-10-01,4,2026-05-01,1640.0,71.5,7.047,6.836
A02-30-9166-8,2025-12-01,3,2026-05-01,1640.0,26.8,7.047,6.836
A02-30-9166-8,2026-02-01,2,2026-05-01,1640.0,509.0,7.047,6.836
A02-30-9166-8,2026-05-01,1,2026-05-01,1640.0,0.0,7.047,6.836
A02-30-9166-8,2025-09-01,5,2026-06-01,1408.0,22.7,7.034,6.836
A02-30-9166-8,2025-11-01,4,2026-06-01,1408.0,46.7,7.034,6.836
A02-30-9166-8,2026-01-01,3,2026-06-01,1408.0,74.8,7.034,6.836
A02-30-9166-8,2026-06-01,1,2026-06-01,1408.0,232.0,7.034,6.836
A02-30-9166-8,2025-10-01,5,2026-07-01,2584.0,100.6,6.952,6.836
A02-30-9166-8,2025-12-01,4,2026-07-01,2584.0,21.8,6.952,6.836
A02-30-9166-8,2026-02-01,3,2026-07-01,2584.0,510.0,6.952,6.836
A02-30-9166-8,2026-05-01,2,2026-07-01,2584.0,0.0,6.952,6.836
A02-30-9166-8,2026-07-01,1,2026-07-01,2584.0,4550.0,6.952,6.836
A05-150-9142-2,2025-09-01,1,2025-10-01,0.0,3.8,,13.117
A05-150-9142-2,2025-10-01,1,2025-11-01,0.0,5.3,,13.117
A05-150-9142-2,2025-09-01,2,2025-12-01,0.0,165.3,,13.117
A05-150-9142-2,2025-11-01,1,2025-12-01,0.0,2.9,,13.117
A05-150-9142-2,2025-10-01,2,2026-01-01,4220.0,215.3,11.99,13.117
A05-150-9142-2,2025-12-01,1,2026-01-01,4220.0,15.1,11.99,13.117
A05-150-9142-2,2025-09-01,3,2026-02-01,13517.0,178.4,15.276,13.117
A05-150-9142-2,2025-11-01,2,2026-02-01,13517.0,95.3,15.276,13.117
A05-150-9142-2,2026-01-01,1,2026-02-01,13517.0,4432.1,15.276,13.117
A05-150-9142-2,2025-10-01,3,2026-03-01,3164.0,184.2,15.016,13.117
A05-150-9142-2,2025-12-01,2,2026-03-01,3164.0,83.2,15.016,13.117
A05-150-9142-2,2026-02-01,1,2026-03-01,3164.0,1693.4,15.016,13.117
A05-150-9142-2,2025-09-01,4,2026-04-01,3745.0,138.4,14.593,13.117
A05-150-9142-2,2025-11-01,3,2026-04-01,3745.0,103.6,14.593,13.117
A05-150-9142-2,2026-01-01,2,2026-04-01,3745.0,4521.6,14.593,13.117
A05-150-9142-2,2025-10-01,4,2026-05-01,599.0,218.9,13.971,13.117
A05-150-9142-2,2025-12-01,3,2026-05-01,599.0,50.6,13.971,13.117
A05-150-9142-2,2026-02-01,2,2026-05-01,599.0,1719.4,13.971,13.117
A05-150-9142-2,2026-05-01,1,2026-05-01,599.0,0.0,13.971,13.117
A05-150-9142-2,2025-09-01,5,2026-06-01,471.0,132.2,14.117,13.117
A05-150-9142-2,2025-11-01,4,2026-06-01,471.0,119.6,14.117,13.117
A05-150-9142-2,2026-01-01,3,2026-06-01,471.0,4814.7,14.117,13.117
A05-150-9142-2,2026-06-01,1,2026-06-01,471.0,3804.0,14.117,13.117
A05-150-9142-2,2025-10-01,5,2026-07-01,640.0,247.4,12.999,13.117
A05-150-9142-2,2025-12-01,4,2026-07-01,640.0,60.4,12.999,13.117
A05-150-9142-2,2026-02-01,3,2026-07-01,640.0,1729.6,12.999,13.117
A05-150-9142-2,2026-05-01,2,2026-07-01,640.0,0.0,12.999,13.117
A05-150-9142-2,2026-07-01,1,2026-07-01,640.0,3804.0,12.999,13.117
A05-150-9159-2,2025-09-01,1,2025-10-01,0.0,3.8,,11.906
A05-150-9159-2,2025-10-01,1,2025-11-01,0.0,5.3,,11.906
A05-150-9159-2,2025-09-01,2,2025-12-01,0.0,165.3,,11.906
A05-150-9159-2,2025-11-01,1,2025-12-01,0.0,2.9,,11.906
A05-150-9159-2,2025-10-01,2,2026-01-01,4242.0,215.3,11.99,11.906
A05-150-9159-2,2025-12-01,1,2026-01-01,4242.0,17.2,11.99,11.906
A05-150-9159-2,2025-09-01,3,2026-02-01,11964.0,178.4,15.057,11.906
A05-150-9159-2,2025-11-01,2,2026-02-01,11964.0,95.3,15.057,11.906
A05-150-9159-2,2026-01-01,1,2026-02-01,11964.0,4537.7,15.057,11.906
A05-150-9159-2,2025-10-01,3,2026-03-01,6875.0,184.2,14.359,11.906
A05-150-9159-2,2025-12-01,2,2026-03-01,6875.0,94.4,14.359,11.906
A05-150-9159-2,2026-02-01,1,2026-03-01,6875.0,1801.3,14.359,11.906
A05-150-9159-2,2025-09-01,4,2026-04-01,5628.0,138.4,14.419,11.906
A05-150-9159-2,2025-11-01,3,2026-04-01,5628.0,103.6,14.419,11.906
A05-150-9159-2,2026-01-01,2,2026-04-01,5628.0,4555.8,14.419,11.906
A05-150-9159-2,2025-10-01,4,2026-05-01,907.0,218.9,13.987,11.906
A05-150-9159-2,2025-12-01,3,2026-05-01,907.0,64.8,13.987,11.906
A05-150-9159-2,2026-02-01,2,2026-05-01,907.0,1829.8,13.987,11.906
A05-150-9159-2,2026-05-01,1,2026-05-01,907.0,0.0,13.987,11.906
A05-150-9159-2,2025-09-01,5,2026-06-01,860.0,132.2,13.715,11.906
A05-150-9159-2,2025-11-01,4,2026-06-01,860.0,119.6,13.715,11.906
A05-150-9159-2,2026-01-01,3,2026-06-01,860.0,4966.5,13.715,11.906
A05-150-9159-2,2026-06-01,1,2026-06-01,860.0,5000.0,13.715,11.906
A05-150-9159-2,2025-10-01,5,2026-07-01,3051.0,247.4,10.495,11.906
A05-150-9159-2,2025-12-01,4,2026-07-01,3051.0,82.6,10.495,11.906
A05-150-9159-2,2026-02-01,3,2026-07-01,3051.0,1840.6,10.495,11.906
A05-150-9159-2,2026-05-01,2,2026-07-01,3051.0,0.0,10.495,11.906
A05-150-9159-2,2026-07-01,1,2026-07-01,3051.0,4500.0,10.495,11.906
A05-50-6513-6,2025-09-01,1,2025-10-01,0.0,214.8,,5.15
A05-50-6513-6,2025-10-01,1,2025-11-01,0.0,13.7,,5.15
A05-50-6513-6,2025-09-01,2,2025-12-01,6.0,659.1,4.9,5.15
A05-50-6513-6,2025-11-01,1,2025-12-01,6.0,11.9,4.9,5.15
A05-50-6513-6,2025-10-01,2,2026-01-01,6186.0,598.4,4.9,5.15
A05-50-6513-6,2025-12-01,1,2026-01-01,6186.0,115.3,4.9,5.15
A05-50-6513-6,2025-09-01,3,2026-02-01,33253.0,652.0,5.496,5.15
A05-50-6513-6,2025-11-01,2,2026-02-01,33253.0,341.2,5.496,5.15
A05-50-6513-6,2026-01-01,1,2026-02-01,33253.0,7314.4,5.496,5.15
A05-50-6513-6,2025-10-01,3,2026-03-01,12123.0,712.0,5.491,5.15
A05-50-6513-6,2025-12-01,2,2026-03-01,12123.0,460.6,5.491,5.15
A05-50-6513-6,2026-02-01,1,2026-03-01,12123.0,6244.6,5.491,5.15
A05-50-6513-6,2025-09-01,4,2026-04-01,3337.0,590.0,5.702,5.15
A05-50-6513-6,2025-11-01,3,2026-04-01,3337.0,431.4,5.702,5.15
A05-50-6513-6,2026-01-01,2,2026-04-01,3337.0,7669.5,5.702,5.15
A05-50-6513-6,2025-10-01,4,2026-05-01,1510.0,856.9,5.902,5.15
A05-50-6513-6,2025-12-01,3,2026-05-01,1510.0,318.3,5.902,5.15
A05-50-6513-6,2026-02-01,2,2026-05-01,1510.0,6195.0,5.902,5.15
A05-50-6513-6,2026-05-01,1,2026-05-01,1510.0,0.0,5.902,5.15
A05-50-6513-6,2025-09-01,5,2026-06-01,1871.0,562.1,5.342,5.15
A05-50-6513-6,2025-11-01,4,2026-06-01,1871.0,491.3,5.342,5.15
A05-50-6513-6,2026-01-01,3,2026-06-01,1871.0,7420.5,5.342,5.15
A05-50-6513-6,2026-06-01,1,2026-06-01,1871.0,9878.0,5.342,5.15
A05-50-6513-6,2025-10-01,5,2026-07-01,3158.0,1139.3,4.748,5.15
A05-50-6513-6,2025-12-01,4,2026-07-01,3158.0,407.1,4.748,5.15
A05-50-6513-6,2026-02-01,3,2026-07-01,3158.0,6245.6,4.748,5.15
A05-50-6513-6,2026-05-01,2,2026-07-01,3158.0,0.0,4.748,5.15
A05-50-6513-6,2026-07-01,1,2026-07-01,3158.0,10278.0,4.748,5.15
A05-50-8937-6,2025-09-01,1,2025-10-01,0.0,203.3,,5.505
A05-50-8937-6,2025-10-01,1,2025-11-01,0.0,6.1,,5.505
A05-50-8937-6,2025-09-01,2,2025-12-01,0.0,471.9,,5.505
A05-50-8937-6,2025-11-01,1,2025-12-01,0.0,6.3,,5.505
A05-50-8937-6,2025-10-01,2,2026-01-01,5998.0,449.4,6.945,5.505
A05-50-8937-6,2025-12-01,1,2026-01-01,5998.0,55.8,6.945,5.505
A05-50-8937-6,2025-09-01,3,2026-02-01,14247.0,470.3,6.215,5.505
A05-50-8937-6,2025-11-01,2,2026-02-01,14247.0,234.2,6.215,5.505
A05-50-8937-6,2026-01-01,1,2026-02-01,14247.0,5652.6,6.215,5.505
A05-50-8937-6,2025-10-01,3,2026-03-01,13419.0,540.3,5.768,5.505
A05-50-8937-6,2025-12-01,2,2026-03-01,13419.0,393.2,5.768,5.505
A05-50-8937-6,2026-02-01,1,2026-03-01,13419.0,2438.3,5.768,5.505
A05-50-8937-6,2025-09-01,4,2026-04-01,3058.0,431.5,6.015,5.505
A05-50-8937-6,2025-11-01,3,2026-04-01,3058.0,288.2,6.015,5.505
A05-50-8937-6,2026-01-01,2,2026-04-01,3058.0,5766.7,6.015,5.505
A05-50-8937-6,2025-10-01,4,2026-05-01,6774.0,681.0,5.769,5.505
A05-50-8937-6,2025-12-01,3,2026-05-01,6774.0,181.2,5.769,5.505
A05-50-8937-6,2026-02-01,2,2026-05-01,6774.0,2471.4,5.769,5.505
A05-50-8937-6,2026-05-01,1,2026-05-01,6774.0,0.0,5.769,5.505
A05-50-8937-6,2025-09-01,5,2026-06-01,2648.0,420.1,5.461,5.505
A05-50-8937-6,2025-11-01,4,2026-06-01,2648.0,369.2,5.461,5.505
A05-50-8937-6,2026-01-01,3,2026-06-01,2648.0,5712.7,5.461,5.505
A05-50-8937-6,2026-06-01,1,2026-06-01,2648.0,6470.0,5.461,5.505
A05-50-8937-6,2025-10-01,5,2026-07-01,2003.0,912.4,5.153,5.505
A05-50-8937-6,2025-12-01,4,2026-07-01,2003.0,309.0,5.153,5.505
A05-50-8937-6,2026-02-01,3,2026-07-01,2003.0,2503.9,5.153,5.505
A05-50-8937-6,2026-05-01,2,2026-07-01,2003.0,0.0,5.153,5.505
A05-50-8937-6,2026-07-01,1,2026-07-01,2003.0,6176.0,5.153,5.505
AZ10169,2025-09-01,1,2025-10-01,4092.0,2285.9,10.5,8.829
AZ10169,2025-10-01,1,2025-11-01,2736.0,3582.1,10.5,8.829
AZ10169,2025-09-01,2,2025-12-01,3408.0,2725.0,10.5,8.829
AZ10169,2025-11-01,1,2025-12-01,3408.0,3522.2,10.5,8.829
AZ10169,2025-10-01,2,2026-01-01,1788.0,3688.8,10.5,8.829
AZ10169,2025-12-01,1,2026-01-01,1788.0,3119.2,10.5,8.829
AZ10169,2025-09-01,3,2026-02-01,726.0,3186.2,10.5,8.829
AZ10169,2025-11-01,2,2026-02-01,726.0,3705.7,10.5,8.829
AZ10169,2026-01-01,1,2026-02-01,726.0,2814.2,10.5,8.829
AZ10169,2025-10-01,3,2026-03-01,0.0,4129.4,,8.829
AZ10169,2025-12-01,2,2026-03-01,0.0,3267.8,,8.829
AZ10169,2026-02-01,1,2026-03-01,0.0,1891.7,,8.829
AZ10169,2025-09-01,4,2026-04-01,3810.0,3658.3,10.5,8.829
AZ10169,2025-11-01,3,2026-04-01,3810.0,3837.5,10.5,8.829
AZ10169,2026-01-01,2,2026-04-01,3810.0,2730.5,10.5,8.829
AZ10169,2026-03-01,1,2026-04-01,3810.0,1394.4,10.5,8.829
AZ10169,2025-10-01,4,2026-05-01,2694.0,3895.5,10.5,8.829
AZ10169,2025-12-01,3,2026-05-01,2694.0,3237.3,10.5,8.829
AZ10169,2026-02-01,2,2026-05-01,2694.0,1948.7,10.5,8.829
AZ10169,2026-04-01,1,2026-05-01,2694.0,2523.6,10.5,8.829
AZ10169,2025-09-01,5,2026-06-01,2046.0,3490.7,10.5,8.829
AZ10169,2025-11-01,4,2026-06-01,2046.0,4273.0,10.5,8.829
AZ10169,2026-01-01,3,2026-06-01,2046.0,2792.9,10.5,8.829
AZ10169,2026-03-01,2,2026-06-01,2046.0,1473.3,10.5,8.829
AZ10169,2026-05-01,1,2026-06-01,2046.0,2760.0,10.5,8.829
AZ10169,2026-06-01,1,2026-06-01,2046.0,2737.0,10.5,8.829
AZ10169,2025-10-01,5,2026-07-01,2754.0,3398.5,10.5,8.829
AZ10169,2025-12-01,4,2026-07-01,2754.0,3250.1,10.5,8.829
AZ10169,2026-02-01,3,2026-07-01,2754.0,1924.9,10.5,8.829
AZ10169,2026-04-01,2,2026-07-01,2754.0,2383.0,10.5,8.829
AZ10169,2026-07-01,1,2026-07-01,2754.0,2579.0,10.5,8.829
AZ12610,2025-09-01,1,2025-10-01,540.0,25.3,18.89,18.868
AZ12610,2025-10-01,1,2025-11-01,264.0,232.2,18.89,18.868
AZ12610,2025-09-01,2,2025-12-01,276.0,48.5,18.89,18.868
AZ12610,2025-11-01,1,2025-12-01,276.0,303.5,18.89,18.868
AZ12610,2025-10-01,2,2026-01-01,276.0,252.9,18.89,18.868
AZ12610,2025-12-01,1,2026-01-01,276.0,256.6,18.89,18.868
AZ12610,2025-09-01,3,2026-02-01,324.0,110.2,18.89,18.868
AZ12610,2025-11-01,2,2026-02-01,324.0,318.0,18.89,18.868
AZ12610,2026-01-01,1,2026-02-01,324.0,225.2,18.89,18.868
AZ12610,2025-10-01,3,2026-03-01,312.0,264.8,18.89,18.868
AZ12610,2025-12-01,2,2026-03-01,312.0,291.8,18.89,18.868
AZ12610,2026-02-01,1,2026-03-01,312.0,260.3,18.89,18.868
AZ12610,2025-09-01,4,2026-04-01,576.0,149.6,18.89,18.868
AZ12610,2025-11-01,3,2026-04-01,576.0,301.9,18.89,18.868
AZ12610,2026-01-01,2,2026-04-01,576.0,259.8,18.89,18.868
AZ12610,2026-03-01,1,2026-04-01,576.0,298.2,18.89,18.868
AZ12610,2025-10-01,4,2026-05-01,912.0,299.2,18.89,18.868
AZ12610,2025-12-01,3,2026-05-01,912.0,318.6,18.89,18.868
AZ12610,2026-02-01,2,2026-05-01,912.0,281.5,18.89,18.868
AZ12610,2026-04-01,1,2026-05-01,912.0,381.4,18.89,18.868
AZ12610,2025-09-01,5,2026-06-01,60.0,271.2,18.89,18.868
AZ12610,2025-11-01,4,2026-06-01,60.0,322.2,18.89,18.868
AZ12610,2026-01-01,3,2026-06-01,60.0,276.5,18.89,18.868
AZ12610,2026-03-01,2,2026-06-01,60.0,343.7,18.89,18.868
AZ12610,2026-05-01,1,2026-06-01,60.0,728.7,18.89,18.868
AZ12610,2026-06-01,1,2026-06-01,60.0,792.0,18.89,18.868
AZ12610,2025-10-01,5,2026-07-01,516.0,297.8,18.89,18.868
AZ12610,2025-12-01,4,2026-07-01,516.0,296.6,18.89,18.868
AZ12610,2026-02-01,3,2026-07-01,516.0,308.3,18.89,18.868
AZ12610,2026-04-01,2,2026-07-01,516.0,444.6,18.89,18.868
AZ12610,2026-07-01,1,2026-07-01,516.0,504.0,18.89,18.868
AZ12622,2025-09-01,1,2025-10-01,2652.0,749.2,12.59,12.557
AZ12622,2025-10-01,1,2025-11-01,5028.0,1429.6,12.59,12.557
AZ12622,2025-09-01,2,2025-12-01,1356.0,911.2,12.59,12.557
AZ12622,2025-11-01,1,2025-12-01,1356.0,1594.9,12.59,12.557
AZ12622,2025-10-01,2,2026-01-01,2028.0,1212.1,12.59,12.557
AZ12622,2025-12-01,1,2026-01-01,2028.0,1778.4,12.59,12.557
AZ12622,2025-09-01,3,2026-02-01,1752.0,1022.1,12.59,12.557
AZ12622,2025-11-01,2,2026-02-01,1752.0,1474.5,12.59,12.557
AZ12622,2026-01-01,1,2026-02-01,1752.0,1744.0,12.59,12.557
AZ12622,2025-10-01,3,2026-03-01,6468.0,1443.0,12.59,12.557
AZ12622,2025-12-01,2,2026-03-01,6468.0,1839.4,12.59,12.557
AZ12622,2026-02-01,1,2026-03-01,6468.0,1652.3,12.59,12.557
AZ12622,2025-09-01,4,2026-04-01,3840.0,1071.0,12.59,12.557
AZ12622,2025-11-01,3,2026-04-01,3840.0,1672.4,12.59,12.557
AZ12622,2026-01-01,2,2026-04-01,3840.0,1719.3,12.59,12.557
AZ12622,2026-03-01,1,2026-04-01,3840.0,2912.3,12.59,12.557
AZ12622,2025-10-01,4,2026-05-01,4140.0,1387.6,12.59,12.557
AZ12622,2025-12-01,3,2026-05-01,4140.0,1873.4,12.59,12.557
AZ12622,2026-02-01,2,2026-05-01,4140.0,1717.8,12.59,12.557
AZ12622,2026-04-01,1,2026-05-01,4140.0,3085.8,12.59,12.557
AZ12622,2025-09-01,5,2026-06-01,4104.0,1051.3,12.59,12.557
AZ12622,2025-11-01,4,2026-06-01,4104.0,1832.2,12.59,12.557
AZ12622,2026-01-01,3,2026-06-01,4104.0,1929.5,12.59,12.557
AZ12622,2026-03-01,2,2026-06-01,4104.0,2817.4,12.59,12.557
AZ12622,2026-05-01,1,2026-06-01,4104.0,3881.6,12.59,12.557
AZ12622,2026-06-01,1,2026-06-01,4104.0,3887.0,12.59,12.557
AZ12622,2025-10-01,5,2026-07-01,2148.0,1268.6,12.59,12.557
AZ12622,2025-12-01,4,2026-07-01,2148.0,2048.6,12.59,12.557
AZ12622,2026-02-01,3,2026-07-01,2148.0,1722.3,12.59,12.557
AZ12622,2026-04-01,2,2026-07-01,2148.0,3402.9,12.59,12.557
AZ12622,2026-07-01,1,2026-07-01,2148.0,3479.0,12.59,12.557
AZ12628,2025-09-01,1,2025-10-01,967.0,606.2,12.995,12.339
AZ12628,2025-10-01,1,2025-11-01,852.0,910.1,12.995,12.339
AZ12628,2025-09-01,2,2025-12-01,666.0,773.3,11.0,12.339
AZ12628,2025-11-01,1,2025-12-01,666.0,822.8,11.0,12.339
AZ12628,2025-10-01,2,2026-01-01,18.0,944.4,14.99,12.339
AZ12628,2025-12-01,1,2026-01-01,18.0,709.3,14.99,12.339
AZ12628,2025-09-01,3,2026-02-01,4.0,779.8,14.99,12.339
AZ12628,2025-11-01,2,2026-02-01,4.0,822.3,14.99,12.339
AZ12628,2026-01-01,1,2026-02-01,4.0,455.5,14.99,12.339
AZ12628,2025-10-01,3,2026-03-01,1329.0,891.9,12.995,12.339
AZ12628,2025-12-01,2,2026-03-01,1329.0,889.7,12.995,12.339
AZ12628,2026-02-01,1,2026-03-01,1329.0,332.9,12.995,12.339
AZ12628,2025-09-01,4,2026-04-01,612.0,720.3,12.995,12.339
AZ12628,2025-11-01,3,2026-04-01,612.0,995.9,12.995,12.339
AZ12628,2026-01-01,2,2026-04-01,612.0,614.3,12.995,12.339
AZ12628,2026-03-01,1,2026-04-01,612.0,781.2,12.995,12.339
AZ12628,2025-10-01,4,2026-05-01,834.0,1051.1,11.0,12.339
AZ12628,2025-12-01,3,2026-05-01,834.0,771.7,11.0,12.339
AZ12628,2026-02-01,2,2026-05-01,834.0,509.6,11.0,12.339
AZ12628,2026-04-01,1,2026-05-01,834.0,711.4,11.0,12.339
AZ12628,2025-09-01,5,2026-06-01,787.0,822.0,12.991,12.339
AZ12628,2025-11-01,4,2026-06-01,787.0,996.2,12.991,12.339
AZ12628,2026-01-01,3,2026-06-01,787.0,465.1,12.991,12.339
AZ12628,2026-03-01,2,2026-06-01,787.0,941.1,12.991,12.339
AZ12628,2026-05-01,1,2026-06-01,787.0,836.0,12.991,12.339
AZ12628,2026-06-01,1,2026-06-01,787.0,864.0,12.991,12.339
AZ12628,2025-10-01,5,2026-07-01,546.0,926.7,13.984,12.339
AZ12628,2025-12-01,4,2026-07-01,546.0,816.4,13.984,12.339
AZ12628,2026-02-01,3,2026-07-01,546.0,337.1,13.984,12.339
AZ12628,2026-04-01,2,2026-07-01,546.0,970.7,13.984,12.339
AZ12628,2026-07-01,1,2026-07-01,546.0,834.0,13.984,12.339
AZ12630,2025-09-01,1,2025-10-01,2100.0,441.1,12.136,13.18
AZ12630,2025-10-01,1,2025-11-01,1394.0,1217.1,12.995,13.18
AZ12630,2025-09-01,2,2025-12-01,1515.0,655.3,12.995,13.18
AZ12630,2025-11-01,1,2025-12-01,1515.0,917.7,12.995,13.18
AZ12630,2025-10-01,2,2026-01-01,32.0,895.6,14.99,13.18
AZ12630,2025-12-01,1,2026-01-01,32.0,1257.1,14.99,13.18
AZ12630,2025-09-01,3,2026-02-01,30.0,794.2,14.99,13.18
AZ12630,2025-11-01,2,2026-02-01,30.0,1075.1,14.99,13.18
AZ12630,2026-01-01,1,2026-02-01,30.0,795.7,14.99,13.18
AZ12630,2025-10-01,3,2026-03-01,28.0,1064.1,14.99,13.18
AZ12630,2025-12-01,2,2026-03-01,28.0,1441.5,14.99,13.18
AZ12630,2026-02-01,1,2026-03-01,28.0,507.4,14.99,13.18
AZ12630,2025-09-01,4,2026-04-01,1152.0,679.3,12.995,13.18
AZ12630,2025-11-01,3,2026-04-01,1152.0,1128.2,12.995,13.18
AZ12630,2026-01-01,2,2026-04-01,1152.0,1016.8,12.995,13.18
AZ12630,2026-03-01,1,2026-04-01,1152.0,485.9,12.995,13.18
AZ12630,2025-10-01,4,2026-05-01,1194.0,1163.5,12.995,13.18
AZ12630,2025-12-01,3,2026-05-01,1194.0,1236.2,12.995,13.18
AZ12630,2026-02-01,2,2026-05-01,1194.0,747.2,12.995,13.18
AZ12630,2026-04-01,1,2026-05-01,1194.0,911.9,12.995,13.18
AZ12630,2025-09-01,5,2026-06-01,917.0,649.3,15.184,13.18
AZ12630,2025-11-01,4,2026-06-01,917.0,1183.3,15.184,13.18
AZ12630,2026-01-01,3,2026-06-01,917.0,827.1,15.184,13.18
AZ12630,2026-03-01,2,2026-06-01,917.0,750.0,15.184,13.18
AZ12630,2026-05-01,1,2026-06-01,917.0,948.0,15.184,13.18
AZ12630,2026-06-01,1,2026-06-01,917.0,1022.0,15.184,13.18
AZ12630,2025-10-01,5,2026-07-01,1174.0,1155.9,12.979,13.18
AZ12630,2025-12-01,4,2026-07-01,1174.0,1278.4,12.979,13.18
AZ12630,2026-02-01,3,2026-07-01,1174.0,550.3,12.979,13.18
AZ12630,2026-04-01,2,2026-07-01,1174.0,1180.2,12.979,13.18
AZ12630,2026-07-01,1,2026-07-01,1174.0,942.0,12.979,13.18
AZ12632,2025-09-01,1,2025-10-01,810.0,739.9,7.0,8.706
AZ12632,2025-10-01,1,2025-11-01,66.0,836.2,7.0,8.706
AZ12632,2025-09-01,2,2025-12-01,507.0,908.7,8.485,8.706
AZ12632,2025-11-01,1,2025-12-01,507.0,463.8,8.485,8.706
AZ12632,2025-10-01,2,2026-01-01,268.0,979.1,8.485,8.706
AZ12632,2025-12-01,1,2026-01-01,268.0,491.5,8.485,8.706
AZ12632,2025-09-01,3,2026-02-01,66.0,887.9,8.485,8.706
AZ12632,2025-11-01,2,2026-02-01,66.0,534.1,8.485,8.706
AZ12632,2026-01-01,1,2026-02-01,66.0,413.7,8.485,8.706
AZ12632,2025-10-01,3,2026-03-01,66.0,916.1,8.485,8.706
AZ12632,2025-12-01,2,2026-03-01,66.0,547.2,8.485,8.706
AZ12632,2026-02-01,1,2026-03-01,66.0,276.9,8.485,8.706
AZ12632,2025-09-01,4,2026-04-01,440.0,980.5,8.485,8.706
AZ12632,2025-11-01,3,2026-04-01,440.0,660.2,8.485,8.706
AZ12632,2026-01-01,2,2026-04-01,440.0,444.1,8.485,8.706
AZ12632,2026-03-01,1,2026-04-01,440.0,270.8,8.485,8.706
AZ12632,2025-10-01,4,2026-05-01,570.0,896.3,9.15,8.706
AZ12632,2025-12-01,3,2026-05-01,570.0,579.9,9.15,8.706
AZ12632,2026-02-01,2,2026-05-01,570.0,299.5,9.15,8.706
AZ12632,2026-04-01,1,2026-05-01,570.0,393.6,9.15,8.706
AZ12632,2025-09-01,5,2026-06-01,228.0,932.2,8.96,8.706
AZ12632,2025-11-01,4,2026-06-01,228.0,724.3,8.96,8.706
AZ12632,2026-01-01,3,2026-06-01,228.0,520.1,8.96,8.706
AZ12632,2026-03-01,2,2026-06-01,228.0,322.3,8.96,8.706
AZ12632,2026-05-01,1,2026-06-01,228.0,475.7,8.96,8.706
AZ12632,2026-06-01,1,2026-06-01,228.0,502.0,8.96,8.706
AZ12632,2025-10-01,5,2026-07-01,600.0,969.5,10.449,8.706
AZ12632,2025-12-01,4,2026-07-01,600.0,628.6,10.449,8.706
AZ12632,2026-02-01,3,2026-07-01,600.0,390.1,10.449,8.706
AZ12632,2026-04-01,2,2026-07-01,600.0,477.8,10.449,8.706
AZ12632,2026-07-01,1,2026-07-01,600.0,410.0,10.449,8.706
AZ9072,2025-09-01,1,2025-10-01,4464.0,2075.3,10.25,10.106
AZ9072,2025-10-01,1,2025-11-01,2148.0,2694.9,10.25,10.106
AZ9072,2025-09-01,2,2025-12-01,2256.0,1727.7,10.25,10.106
AZ9072,2025-11-01,1,2025-12-01,2256.0,2819.2,10.25,10.106
AZ9072,2025-10-01,2,2026-01-01,4212.0,2728.0,10.25,10.106
AZ9072,2025-12-01,1,2026-01-01,4212.0,2754.3,10.25,10.106
AZ9072,2025-09-01,3,2026-02-01,2100.0,1627.2,10.25,10.106
AZ9072,2025-11-01,2,2026-02-01,2100.0,2660.1,10.25,10.106
AZ9072,2026-01-01,1,2026-02-01,2100.0,3014.2,10.25,10.106
AZ9072,2025-10-01,3,2026-03-01,10956.0,2780.9,10.25,10.106
AZ9072,2025-12-01,2,2026-03-01,10956.0,2677.5,10.25,10.106
AZ9072,2026-02-01,1,2026-03-01,10956.0,2733.6,10.25,10.106
AZ9072,2025-09-01,4,2026-04-01,4632.0,1437.2,10.25,10.106
AZ9072,2025-11-01,3,2026-04-01,4632.0,2855.3,10.25,10.106
AZ9072,2026-01-01,2,2026-04-01,4632.0,3009.1,10.25,10.106
AZ9072,2026-03-01,1,2026-04-01,4632.0,4440.6,10.25,10.106
AZ9072,2025-10-01,4,2026-05-01,8892.0,2773.9,10.25,10.106
AZ9072,2025-12-01,3,2026-05-01,8892.0,2798.0,10.25,10.106
AZ9072,2026-02-01,2,2026-05-01,8892.0,2764.2,10.25,10.106
AZ9072,2026-04-01,1,2026-05-01,8892.0,5969.4,10.25,10.106
AZ9072,2025-09-01,5,2026-06-01,0.0,1585.1,,10.106
AZ9072,2025-11-01,4,2026-06-01,0.0,2608.2,,10.106
AZ9072,2026-01-01,3,2026-06-01,0.0,3011.2,,10.106
AZ9072,2026-03-01,2,2026-06-01,0.0,5009.9,,10.106
AZ9072,2026-05-01,1,2026-06-01,0.0,5425.8,,10.106
AZ9072,2026-06-01,1,2026-06-01,0.0,5534.0,,10.106
AZ9072,2025-10-01,5,2026-07-01,3108.0,2803.2,9.947,10.106
AZ9072,2025-12-01,4,2026-07-01,3108.0,2779.5,9.947,10.106
AZ9072,2026-02-01,3,2026-07-01,3108.0,2746.0,9.947,10.106
AZ9072,2026-04-01,2,2026-07-01,3108.0,5998.0,9.947,10.106
AZ9072,2026-07-01,1,2026-07-01,3108.0,4439.0,9.947,10.106
AZ9076,2025-09-01,1,2025-10-01,10958.0,11029.7,11.92,11.785
AZ9076,2025-10-01,1,2025-11-01,395.0,11669.4,12.48,11.785
AZ9076,2025-09-01,2,2025-12-01,3453.0,11359.4,12.48,11.785
AZ9076,2025-11-01,1,2025-12-01,3453.0,8816.7,12.48,11.785
AZ9076,2025-10-01,2,2026-01-01,8479.0,11256.2,12.48,11.785
AZ9076,2025-12-01,1,2026-01-01,8479.0,8833.3,12.48,11.785
AZ9076,2025-09-01,3,2026-02-01,7294.0,10736.1,12.48,11.785
AZ9076,2025-11-01,2,2026-02-01,7294.0,9949.8,12.48,11.785
AZ9076,2026-01-01,1,2026-02-01,7294.0,7363.3,12.48,11.785
AZ9076,2025-10-01,3,2026-03-01,6499.0,12173.2,11.866,11.785
AZ9076,2025-12-01,2,2026-03-01,6499.0,6545.4,11.866,11.785
AZ9076,2026-02-01,1,2026-03-01,6499.0,6962.9,11.866,11.785
AZ9076,2025-09-01,4,2026-04-01,11852.0,11643.3,12.48,11.785
AZ9076,2025-11-01,3,2026-04-01,11852.0,9976.4,12.48,11.785
AZ9076,2026-01-01,2,2026-04-01,11852.0,7070.4,12.48,11.785
AZ9076,2026-03-01,1,2026-04-01,11852.0,7652.7,12.48,11.785
AZ9076,2025-10-01,4,2026-05-01,13796.0,11328.7,12.145,11.785
AZ9076,2025-12-01,3,2026-05-01,13796.0,7223.5,12.145,11.785
AZ9076,2026-02-01,2,2026-05-01,13796.0,6911.8,12.145,11.785
AZ9076,2026-04-01,1,2026-05-01,13796.0,8216.0,12.145,11.785
AZ9076,2025-09-01,5,2026-06-01,1451.0,11572.8,15.854,11.785
AZ9076,2025-11-01,4,2026-06-01,1451.0,9145.7,15.854,11.785
AZ9076,2026-01-01,3,2026-06-01,1451.0,7973.5,15.854,11.785
AZ9076,2026-03-01,2,2026-06-01,1451.0,7088.0,15.854,11.785
AZ9076,2026-05-01,1,2026-06-01,1451.0,11000.5,15.854,11.785
AZ9076,2026-06-01,1,2026-06-01,1451.0,10839.0,15.854,11.785
AZ9076,2025-10-01,5,2026-07-01,9581.0,12362.0,13.016,11.785
AZ9076,2025-12-01,4,2026-07-01,9581.0,8435.5,13.016,11.785
AZ9076,2026-02-01,3,2026-07-01,9581.0,7699.4,13.016,11.785
AZ9076,2026-04-01,2,2026-07-01,9581.0,10332.5,13.016,11.785
AZ9076,2026-07-01,1,2026-07-01,9581.0,7533.0,13.016,11.785
AZ9484,2025-09-01,1,2025-10-01,1776.0,1033.7,6.25,6.274
AZ9484,2025-10-01,1,2025-11-01,2148.0,1309.8,6.25,6.274
AZ9484,2025-09-01,2,2025-12-01,4452.0,1034.5,6.25,6.274
AZ9484,2025-11-01,1,2025-12-01,4452.0,1763.6,6.25,6.274
AZ9484,2025-10-01,2,2026-01-01,936.0,1267.2,6.25,6.274
AZ9484,2025-12-01,1,2026-01-01,936.0,2533.1,6.25,6.274
AZ9484,2025-09-01,3,2026-02-01,1464.0,1067.6,6.25,6.274
AZ9484,2025-11-01,2,2026-02-01,1464.0,1773.3,6.25,6.274
AZ9484,2026-01-01,1,2026-02-01,1464.0,1809.8,6.25,6.274
AZ9484,2025-10-01,3,2026-03-01,1668.0,1358.7,6.25,6.274
AZ9484,2025-12-01,2,2026-03-01,1668.0,2738.7,6.25,6.274
AZ9484,2026-02-01,1,2026-03-01,1668.0,1731.9,6.25,6.274
AZ9484,2025-09-01,4,2026-04-01,948.0,1105.4,6.25,6.274
AZ9484,2025-11-01,3,2026-04-01,948.0,1910.9,6.25,6.274
AZ9484,2026-01-01,2,2026-04-01,948.0,1871.8,6.25,6.274
AZ9484,2026-03-01,1,2026-04-01,948.0,1774.0,6.25,6.274
AZ9484,2025-10-01,4,2026-05-01,1140.0,1416.0,6.25,6.274
AZ9484,2025-12-01,3,2026-05-01,1140.0,2590.6,6.25,6.274
AZ9484,2026-02-01,2,2026-05-01,1140.0,1734.1,6.25,6.274
AZ9484,2026-04-01,1,2026-05-01,1140.0,1608.1,6.25,6.274
AZ9484,2025-09-01,5,2026-06-01,720.0,1078.9,6.25,6.274
AZ9484,2025-11-01,4,2026-06-01,720.0,1857.6,6.25,6.274
AZ9484,2026-01-01,3,2026-06-01,720.0,1918.1,6.25,6.274
AZ9484,2026-03-01,2,2026-06-01,720.0,1806.1,6.25,6.274
AZ9484,2026-05-01,1,2026-06-01,720.0,1460.2,6.25,6.274
AZ9484,2026-06-01,1,2026-06-01,720.0,1506.0,6.25,6.274
AZ9484,2025-10-01,5,2026-07-01,1680.0,1448.3,6.25,6.274
AZ9484,2025-12-01,4,2026-07-01,1680.0,2897.8,6.25,6.274
AZ9484,2026-02-01,3,2026-07-01,1680.0,1672.2,6.25,6.274
AZ9484,2026-04-01,2,2026-07-01,1680.0,1746.3,6.25,6.274
AZ9484,2026-07-01,1,2026-07-01,1680.0,1094.0,6.25,6.274
B01-118-9477-12,2025-09-01,1,2025-10-01,0.0,0.1,,5.416
B01-118-9477-12,2025-10-01,1,2025-11-01,0.0,0.5,,5.416
B01-118-9477-12,2025-09-01,2,2025-12-01,0.0,1.4,,5.416
B01-118-9477-12,2025-11-01,1,2025-12-01,0.0,0.5,,5.416
B01-118-9477-12,2025-10-01,2,2026-01-01,0.0,1.6,,5.416
B01-118-9477-12,2025-12-01,1,2026-01-01,0.0,0.8,,5.416
B01-118-9477-12,2025-09-01,3,2026-02-01,0.0,0.2,,5.416
B01-118-9477-12,2025-11-01,2,2026-02-01,0.0,1.6,,5.416
B01-118-9477-12,2026-01-01,1,2026-02-01,0.0,1.8,,5.416
B01-118-9477-12,2025-10-01,3,2026-03-01,0.0,0.3,,5.416
B01-118-9477-12,2025-12-01,2,2026-03-01,0.0,0.5,,5.416
B01-118-9477-12,2026-02-01,1,2026-03-01,0.0,2.8,,5.416
B01-118-9477-12,2025-09-01,4,2026-04-01,0.0,0.1,,5.416
B01-118-9477-12,2025-11-01,3,2026-04-01,0.0,0.6,,5.416
B01-118-9477-12,2026-01-01,2,2026-04-01,0.0,2.8,,5.416
B01-118-9477-12,2025-10-01,4,2026-05-01,0.0,0.1,,5.416
B01-118-9477-12,2025-12-01,3,2026-05-01,0.0,0.2,,5.416
B01-118-9477-12,2026-02-01,2,2026-05-01,0.0,1.0,,5.416
B01-118-9477-12,2026-05-01,1,2026-05-01,0.0,0.0,,5.416
B01-118-9477-12,2025-09-01,5,2026-06-01,924.0,0.1,5.75,5.416
B01-118-9477-12,2025-11-01,4,2026-06-01,924.0,0.3,5.75,5.416
B01-118-9477-12,2026-01-01,3,2026-06-01,924.0,3.3,5.75,5.416
B01-118-9477-12,2026-06-01,1,2026-06-01,924.0,0.0,5.75,5.416
B01-118-9477-12,2025-10-01,5,2026-07-01,36.0,0.1,5.25,5.416
B01-118-9477-12,2025-12-01,4,2026-07-01,36.0,0.1,5.25,5.416
B01-118-9477-12,2026-02-01,3,2026-07-01,36.0,0.4,5.25,5.416
B01-118-9477-12,2026-05-01,2,2026-07-01,36.0,0.0,5.25,5.416
B01-118-9477-12,2026-07-01,1,2026-07-01,36.0,6723.0,5.25,5.416
BB8496,2025-09-01,1,2025-10-01,5837.0,9484.2,5.817,5.666
BB8496,2025-10-01,1,2025-11-01,3609.0,9272.9,5.959,5.666
BB8496,2025-09-01,2,2025-12-01,5567.0,10825.2,6.131,5.666
BB8496,2025-11-01,1,2025-12-01,5567.0,7815.4,6.131,5.666
BB8496,2025-10-01,2,2026-01-01,7853.0,9540.2,5.897,5.666
BB8496,2025-12-01,1,2026-01-01,7853.0,6731.7,5.897,5.666
BB8496,2025-09-01,3,2026-02-01,4728.0,10367.3,5.672,5.666
BB8496,2025-11-01,2,2026-02-01,4728.0,8127.7,5.672,5.666
BB8496,2026-01-01,1,2026-02-01,4728.0,7564.9,5.672,5.666
BB8496,2025-10-01,3,2026-03-01,3995.0,8233.6,6.383,5.666
BB8496,2025-12-01,2,2026-03-01,3995.0,6747.0,6.383,5.666
BB8496,2026-02-01,1,2026-03-01,3995.0,5312.3,6.383,5.666
BB8496,2025-09-01,4,2026-04-01,3649.0,9410.6,6.409,5.666
BB8496,2025-11-01,3,2026-04-01,3649.0,7739.4,6.409,5.666
BB8496,2026-01-01,2,2026-04-01,3649.0,6713.4,6.409,5.666
BB8496,2026-03-01,1,2026-04-01,3649.0,5226.4,6.409,5.666
BB8496,2025-10-01,4,2026-05-01,3680.0,8352.7,6.246,5.666
BB8496,2025-12-01,3,2026-05-01,3680.0,6243.7,6.246,5.666
BB8496,2026-02-01,2,2026-05-01,3680.0,5912.9,6.246,5.666
BB8496,2026-04-01,1,2026-05-01,3680.0,4486.5,6.246,5.666
BB8496,2026-05-01,1,2026-05-01,3680.0,20.0,6.246,5.666
BB8496,2025-09-01,5,2026-06-01,3188.0,9086.6,6.102,5.666
BB8496,2025-11-01,4,2026-06-01,3188.0,8218.4,6.102,5.666
BB8496,2026-01-01,3,2026-06-01,3188.0,6987.2,6.102,5.666
BB8496,2026-03-01,2,2026-06-01,3188.0,5229.1,6.102,5.666
BB8496,2026-05-01,1,2026-06-01,3188.0,5889.7,6.102,5.666
BB8496,2026-06-01,1,2026-06-01,3188.0,5608.0,6.102,5.666
BB8496,2025-10-01,5,2026-07-01,6113.0,9022.8,6.212,5.666
BB8496,2025-12-01,4,2026-07-01,6113.0,6739.0,6.212,5.666
BB8496,2026-02-01,3,2026-07-01,6113.0,5658.6,6.212,5.666
BB8496,2026-04-01,2,2026-07-01,6113.0,5955.4,6.212,5.666
BB8496,2026-05-01,2,2026-07-01,6113.0,24.0,6.212,5.666
BB8496,2026-07-01,1,2026-07-01,6113.0,4441.0,6.212,5.666
BB9096,2025-09-01,1,2025-10-01,23975.0,12841.7,5.659,5.179
BB9096,2025-10-01,1,2025-11-01,12324.0,12463.7,5.748,5.179
BB9096,2025-09-01,2,2025-12-01,24416.0,11542.7,5.877,5.179
BB9096,2025-11-01,1,2025-12-01,24416.0,13392.6,5.877,5.179
BB9096,2025-10-01,2,2026-01-01,12139.0,13125.8,6.057,5.179
BB9096,2025-12-01,1,2026-01-01,12139.0,19025.0,6.057,5.179
BB9096,2025-09-01,3,2026-02-01,10354.0,11277.4,5.803,5.179
BB9096,2025-11-01,2,2026-02-01,10354.0,12857.7,5.803,5.179
BB9096,2026-01-01,1,2026-02-01,10354.0,20249.8,5.803,5.179
BB9096,2025-10-01,3,2026-03-01,7231.0,13689.5,5.837,5.179
BB9096,2025-12-01,2,2026-03-01,7231.0,19929.5,5.837,5.179
BB9096,2026-02-01,1,2026-03-01,7231.0,13887.9,5.837,5.179
BB9096,2025-09-01,4,2026-04-01,12494.0,11427.4,5.856,5.179
BB9096,2025-11-01,3,2026-04-01,12494.0,13301.2,5.856,5.179
BB9096,2026-01-01,2,2026-04-01,12494.0,20540.7,5.856,5.179
BB9096,2026-03-01,1,2026-04-01,12494.0,10324.0,5.856,5.179
BB9096,2025-10-01,4,2026-05-01,6494.0,14225.8,5.914,5.179
BB9096,2025-12-01,3,2026-05-01,6494.0,20987.7,5.914,5.179
BB9096,2026-02-01,2,2026-05-01,6494.0,12607.1,5.914,5.179
BB9096,2026-04-01,1,2026-05-01,6494.0,11674.1,5.914,5.179
BB9096,2026-05-01,1,2026-05-01,6494.0,0.0,5.914,5.179
BB9096,2025-09-01,5,2026-06-01,8180.0,11853.8,6.119,5.179
BB9096,2025-11-01,4,2026-06-01,8180.0,13750.6,6.119,5.179
BB9096,2026-01-01,3,2026-06-01,8180.0,19011.0,6.119,5.179
BB9096,2026-03-01,2,2026-06-01,8180.0,11177.6,6.119,5.179
BB9096,2026-05-01,1,2026-06-01,8180.0,11024.1,6.119,5.179
BB9096,2026-06-01,1,2026-06-01,8180.0,10995.0,6.119,5.179
BB9096,2025-10-01,5,2026-07-01,13702.0,13123.1,5.447,5.179
BB9096,2025-12-01,4,2026-07-01,13702.0,19924.6,5.447,5.179
BB9096,2026-02-01,3,2026-07-01,13702.0,13612.5,5.447,5.179
BB9096,2026-04-01,2,2026-07-01,13702.0,11577.7,5.447,5.179
BB9096,2026-05-01,2,2026-07-01,13702.0,0.0,5.447,5.179
BB9096,2026-07-01,1,2026-07-01,13702.0,9849.0,5.447,5.179
BB9620,2025-09-01,1,2025-10-01,8403.0,4542.3,5.821,5.676
BB9620,2025-10-01,1,2025-11-01,5392.0,4903.0,6.099,5.676
BB9620,2025-09-01,2,2025-12-01,7973.0,4378.2,6.05,5.676
BB9620,2025-11-01,1,2025-12-01,7973.0,5155.7,6.05,5.676
BB9620,2025-10-01,2,2026-01-01,3937.0,5187.1,6.422,5.676
BB9620,2025-12-01,1,2026-01-01,3937.0,6637.0,6.422,5.676
BB9620,2025-09-01,3,2026-02-01,4127.0,4539.4,6.028,5.676
BB9620,2025-11-01,2,2026-02-01,4127.0,5681.5,6.028,5.676
BB9620,2026-01-01,1,2026-02-01,4127.0,6156.2,6.028,5.676
BB9620,2025-10-01,3,2026-03-01,4431.0,5473.1,6.308,5.676
BB9620,2025-12-01,2,2026-03-01,4431.0,6575.2,6.308,5.676
BB9620,2026-02-01,1,2026-03-01,4431.0,5739.6,6.308,5.676
BB9620,2025-09-01,4,2026-04-01,4742.0,4839.7,6.193,5.676
BB9620,2025-11-01,3,2026-04-01,4742.0,4777.6,6.193,5.676
BB9620,2026-01-01,2,2026-04-01,4742.0,6286.4,6.193,5.676
BB9620,2026-03-01,1,2026-04-01,4742.0,5374.3,6.193,5.676
BB9620,2025-10-01,4,2026-05-01,5138.0,5035.5,5.895,5.676
BB9620,2025-12-01,3,2026-05-01,5138.0,6972.0,5.895,5.676
BB9620,2026-02-01,2,2026-05-01,5138.0,5492.3,5.895,5.676
BB9620,2026-04-01,1,2026-05-01,5138.0,4919.2,5.895,5.676
BB9620,2026-05-01,1,2026-05-01,5138.0,0.0,5.895,5.676
BB9620,2025-09-01,5,2026-06-01,3598.0,4289.3,6.223,5.676
BB9620,2025-11-01,4,2026-06-01,3598.0,5152.0,6.223,5.676
BB9620,2026-01-01,3,2026-06-01,3598.0,6290.9,6.223,5.676
BB9620,2026-03-01,2,2026-06-01,3598.0,5132.3,6.223,5.676
BB9620,2026-05-01,1,2026-06-01,3598.0,4952.1,6.223,5.676
BB9620,2026-06-01,1,2026-06-01,3598.0,6011.0,6.223,5.676
BB9620,2025-10-01,5,2026-07-01,6329.0,5332.6,5.9,5.676
BB9620,2025-12-01,4,2026-07-01,6329.0,7003.8,5.9,5.676
BB9620,2026-02-01,3,2026-07-01,6329.0,5203.1,5.9,5.676
BB9620,2026-04-01,2,2026-07-01,6329.0,4736.2,5.9,5.676
BB9620,2026-05-01,2,2026-07-01,6329.0,0.0,5.9,5.676
BB9620,2026-07-01,1,2026-07-01,6329.0,5378.0,5.9,5.676
BB9702,2025-09-01,1,2025-10-01,2659.0,1208.1,6.267,6.802
BB9702,2025-10-01,1,2025-11-01,3880.0,1807.5,6.114,6.802
BB9702,2025-09-01,2,2025-12-01,3521.0,1174.6,6.195,6.802
BB9702,2025-11-01,1,2025-12-01,3521.0,2649.4,6.195,6.802
BB9702,2025-10-01,2,2026-01-01,228.0,1784.9,6.381,6.802
BB9702,2025-12-01,1,2026-01-01,228.0,2841.1,6.381,6.802
BB9702,2025-09-01,3,2026-02-01,3465.0,1636.9,6.32,6.802
BB9702,2025-11-01,2,2026-02-01,3465.0,2488.6,6.32,6.802
BB9702,2026-01-01,1,2026-02-01,3465.0,2143.1,6.32,6.802
BB9702,2025-10-01,3,2026-03-01,4577.0,1973.9,6.461,6.802
BB9702,2025-12-01,2,2026-03-01,4577.0,3017.8,6.461,6.802
BB9702,2026-02-01,1,2026-03-01,4577.0,1978.8,6.461,6.802
BB9702,2025-09-01,4,2026-04-01,1555.0,1441.6,6.456,6.802
BB9702,2025-11-01,3,2026-04-01,1555.0,2682.5,6.456,6.802
BB9702,2026-01-01,2,2026-04-01,1555.0,2023.3,6.456,6.802
BB9702,2026-03-01,1,2026-04-01,1555.0,2786.9,6.456,6.802
BB9702,2025-10-01,4,2026-05-01,1572.0,1985.1,5.588,6.802
BB9702,2025-12-01,3,2026-05-01,1572.0,3036.0,5.588,6.802
BB9702,2026-02-01,2,2026-05-01,1572.0,2173.2,5.588,6.802
BB9702,2026-04-01,1,2026-05-01,1572.0,2700.2,5.588,6.802
BB9702,2026-05-01,1,2026-05-01,1572.0,0.0,5.588,6.802
BB9702,2025-09-01,5,2026-06-01,948.0,1302.6,8.001,6.802
BB9702,2025-11-01,4,2026-06-01,948.0,2705.9,8.001,6.802
BB9702,2026-01-01,3,2026-06-01,948.0,1998.6,8.001,6.802
BB9702,2026-03-01,2,2026-06-01,948.0,2857.4,8.001,6.802
BB9702,2026-05-01,1,2026-06-01,948.0,2516.1,8.001,6.802
BB9702,2026-06-01,1,2026-06-01,948.0,2566.0,8.001,6.802
BB9702,2025-10-01,5,2026-07-01,1925.0,1990.1,7.535,6.802
BB9702,2025-12-01,4,2026-07-01,1925.0,3063.4,7.535,6.802
BB9702,2026-02-01,3,2026-07-01,1925.0,2219.6,7.535,6.802
BB9702,2026-04-01,2,2026-07-01,1925.0,2852.1,7.535,6.802
BB9702,2026-05-01,2,2026-07-01,1925.0,0.0,7.535,6.802
BB9702,2026-07-01,1,2026-07-01,1925.0,2283.0,7.535,6.802
BD10544,2025-09-01,1,2025-10-01,3.0,1.7,130.667,124.473
BD10544,2025-10-01,1,2025-11-01,1.0,2.1,140.0,124.473
BD10544,2025-09-01,2,2025-12-01,3.0,2.0,140.0,124.473
BD10544,2025-11-01,1,2025-12-01,3.0,3.0,140.0,124.473
BD10544,2025-10-01,2,2026-01-01,1.0,2.7,140.0,124.473
BD10544,2025-12-01,1,2026-01-01,1.0,26.8,140.0,124.473
BD10544,2025-09-01,3,2026-02-01,1.0,2.0,140.0,124.473
BD10544,2025-11-01,2,2026-02-01,1.0,3.1,140.0,124.473
BD10544,2026-01-01,1,2026-02-01,1.0,24.4,140.0,124.473
BD10544,2025-10-01,3,2026-03-01,3.0,3.6,140.0,124.473
BD10544,2025-12-01,2,2026-03-01,3.0,34.3,140.0,124.473
BD10544,2026-02-01,1,2026-03-01,3.0,26.1,140.0,124.473
BD10544,2025-09-01,4,2026-04-01,0.0,2.1,,124.473
BD10544,2025-11-01,3,2026-04-01,0.0,2.8,,124.473
BD10544,2026-01-01,2,2026-04-01,0.0,28.6,,124.473
BD10544,2026-03-01,1,2026-04-01,0.0,27.5,,124.473
BD10544,2025-10-01,4,2026-05-01,2.0,3.4,140.0,124.473
BD10544,2025-12-01,3,2026-05-01,2.0,37.5,140.0,124.473
BD10544,2026-02-01,2,2026-05-01,2.0,28.8,140.0,124.473
BD10544,2026-04-01,1,2026-05-01,2.0,24.5,140.0,124.473
BD10544,2025-09-01,5,2026-06-01,1.0,2.0,140.0,124.473
BD10544,2025-11-01,4,2026-06-01,1.0,2.8,140.0,124.473
BD10544,2026-01-01,3,2026-06-01,1.0,30.4,140.0,124.473
BD10544,2026-03-01,2,2026-06-01,1.0,32.7,140.0,124.473
BD10544,2026-05-01,1,2026-06-01,1.0,32.5,140.0,124.473
BD10544,2026-06-01,1,2026-06-01,1.0,34.0,140.0,124.473
BD10544,2025-10-01,5,2026-07-01,1.0,3.1,140.0,124.473
BD10544,2025-12-01,4,2026-07-01,1.0,38.6,140.0,124.473
BD10544,2026-02-01,3,2026-07-01,1.0,31.3,140.0,124.473
BD10544,2026-04-01,2,2026-07-01,1.0,32.8,140.0,124.473
BD10544,2026-07-01,1,2026-07-01,1.0,39.0,140.0,124.473
BT12259,2025-09-01,1,2025-10-01,1940.0,1349.6,7.721,8.553
BT12259,2025-10-01,1,2025-11-01,2018.0,1423.1,8.424,8.553
BT12259,2025-09-01,2,2025-12-01,1935.0,1443.1,8.815,8.553
BT12259,2025-11-01,1,2025-12-01,1935.0,1596.5,8.815,8.553
BT12259,2025-10-01,2,2026-01-01,560.0,1509.8,8.936,8.553
BT12259,2025-12-01,1,2026-01-01,560.0,1942.1,8.936,8.553
BT12259,2025-09-01,3,2026-02-01,618.0,1434.4,9.983,8.553
BT12259,2025-11-01,2,2026-02-01,618.0,1541.2,9.983,8.553
BT12259,2026-01-01,1,2026-02-01,618.0,1879.8,9.983,8.553
BT12259,2025-10-01,3,2026-03-01,788.0,1600.9,9.439,8.553
BT12259,2025-12-01,2,2026-03-01,788.0,1960.3,9.439,8.553
BT12259,2026-02-01,1,2026-03-01,788.0,825.0,9.439,8.553
BT12259,2025-09-01,4,2026-04-01,910.0,1486.7,8.557,8.553
BT12259,2025-11-01,3,2026-04-01,910.0,1666.2,8.557,8.553
BT12259,2026-01-01,2,2026-04-01,910.0,1898.6,8.557,8.553
BT12259,2026-03-01,1,2026-04-01,910.0,808.3,8.557,8.553
BT12259,2025-10-01,4,2026-05-01,952.0,1540.2,9.684,8.553
BT12259,2025-12-01,3,2026-05-01,952.0,2132.9,9.684,8.553
BT12259,2026-02-01,2,2026-05-01,952.0,834.3,9.684,8.553
BT12259,2026-04-01,1,2026-05-01,952.0,867.6,9.684,8.553
BT12259,2026-05-01,1,2026-05-01,952.0,0.0,9.684,8.553
BT12259,2025-09-01,5,2026-06-01,1957.0,1508.2,8.882,8.553
BT12259,2025-11-01,4,2026-06-01,1957.0,1756.5,8.882,8.553
BT12259,2026-01-01,3,2026-06-01,1957.0,1891.1,8.882,8.553
BT12259,2026-03-01,2,2026-06-01,1957.0,806.8,8.882,8.553
BT12259,2026-05-01,1,2026-06-01,1957.0,958.7,8.882,8.553
BT12259,2026-06-01,1,2026-06-01,1957.0,2474.0,8.882,8.553
BT12259,2025-10-01,5,2026-07-01,1441.0,1681.3,8.747,8.553
BT12259,2025-12-01,4,2026-07-01,1441.0,2020.1,8.747,8.553
BT12259,2026-02-01,3,2026-07-01,1441.0,809.2,8.747,8.553
BT12259,2026-04-01,2,2026-07-01,1441.0,887.1,8.747,8.553
BT12259,2026-05-01,2,2026-07-01,1441.0,0.0,8.747,8.553
BT12259,2026-07-01,1,2026-07-01,1441.0,1377.0,8.747,8.553
BT12264,2025-09-01,1,2025-10-01,3619.0,8453.6,8.306,8.106
BT12264,2025-10-01,1,2025-11-01,13659.0,7249.8,7.447,8.106
BT12264,2025-09-01,2,2025-12-01,10717.0,8887.0,8.969,8.106
BT12264,2025-11-01,1,2025-12-01,10717.0,8054.5,8.969,8.106
BT12264,2025-10-01,2,2026-01-01,6171.0,7577.6,8.408,8.106
BT12264,2025-12-01,1,2026-01-01,6171.0,9349.1,8.408,8.106
BT12264,2025-09-01,3,2026-02-01,6939.0,9093.2,8.458,8.106
BT12264,2025-11-01,2,2026-02-01,6939.0,7914.1,8.458,8.106
BT12264,2026-01-01,1,2026-02-01,6939.0,9108.7,8.458,8.106
BT12264,2025-10-01,3,2026-03-01,7180.0,7140.6,8.226,8.106
BT12264,2025-12-01,2,2026-03-01,7180.0,9854.8,8.226,8.106
BT12264,2026-02-01,1,2026-03-01,7180.0,8448.4,8.226,8.106
BT12264,2025-09-01,4,2026-04-01,7968.0,9022.5,7.649,8.106
BT12264,2025-11-01,3,2026-04-01,7968.0,8274.1,7.649,8.106
BT12264,2026-01-01,2,2026-04-01,7968.0,9005.3,7.649,8.106
BT12264,2026-03-01,1,2026-04-01,7968.0,8898.9,7.649,8.106
BT12264,2025-10-01,4,2026-05-01,7150.0,7551.6,8.301,8.106
BT12264,2025-12-01,3,2026-05-01,7150.0,9761.0,8.301,8.106
BT12264,2026-02-01,2,2026-05-01,7150.0,8591.4,8.301,8.106
BT12264,2026-04-01,1,2026-05-01,7150.0,8667.9,8.301,8.106
BT12264,2026-05-01,1,2026-05-01,7150.0,0.0,8.301,8.106
BT12264,2025-09-01,5,2026-06-01,8779.0,9446.9,8.199,8.106
BT12264,2025-11-01,4,2026-06-01,8779.0,7659.8,8.199,8.106
BT12264,2026-01-01,3,2026-06-01,8779.0,9255.9,8.199,8.106
BT12264,2026-03-01,2,2026-06-01,8779.0,8222.7,8.199,8.106
BT12264,2026-05-01,1,2026-06-01,8779.0,8952.6,8.199,8.106
BT12264,2026-06-01,1,2026-06-01,8779.0,9345.0,8.199,8.106
BT12264,2025-10-01,5,2026-07-01,12659.0,7196.1,7.942,8.106
BT12264,2025-12-01,4,2026-07-01,12659.0,9909.3,7.942,8.106
BT12264,2026-02-01,3,2026-07-01,12659.0,8261.6,7.942,8.106
BT12264,2026-04-01,2,2026-07-01,12659.0,8837.7,7.942,8.106
BT12264,2026-05-01,2,2026-07-01,12659.0,0.0,7.942,8.106
BT12264,2026-07-01,1,2026-07-01,12659.0,10856.0,7.942,8.106
BT9072,2025-09-01,1,2025-10-01,421.0,419.8,8.579,8.458
BT9072,2025-10-01,1,2025-11-01,421.0,451.0,8.969,8.458
BT9072,2025-09-01,2,2025-12-01,597.0,482.1,9.199,8.458
BT9072,2025-11-01,1,2025-12-01,597.0,396.2,9.199,8.458
BT9072,2025-10-01,2,2026-01-01,459.0,387.4,9.773,8.458
BT9072,2025-12-01,1,2026-01-01,459.0,505.5,9.773,8.458
BT9072,2025-09-01,3,2026-02-01,922.0,435.3,8.281,8.458
BT9072,2025-11-01,2,2026-02-01,922.0,398.9,8.281,8.458
BT9072,2026-01-01,1,2026-02-01,922.0,483.2,8.281,8.458
BT9072,2025-10-01,3,2026-03-01,418.0,385.9,8.867,8.458
BT9072,2025-12-01,2,2026-03-01,418.0,502.3,8.867,8.458
BT9072,2026-02-01,1,2026-03-01,418.0,466.4,8.867,8.458
BT9072,2025-09-01,4,2026-04-01,534.0,430.7,8.662,8.458
BT9072,2025-11-01,3,2026-04-01,534.0,399.3,8.662,8.458
BT9072,2026-01-01,2,2026-04-01,534.0,518.9,8.662,8.458
BT9072,2026-03-01,1,2026-04-01,534.0,457.8,8.662,8.458
BT9072,2025-10-01,4,2026-05-01,966.0,389.1,9.447,8.458
BT9072,2025-12-01,3,2026-05-01,966.0,529.6,9.447,8.458
BT9072,2026-02-01,2,2026-05-01,966.0,459.6,9.447,8.458
BT9072,2026-04-01,1,2026-05-01,966.0,513.4,9.447,8.458
BT9072,2026-05-01,1,2026-05-01,966.0,0.0,9.447,8.458
BT9072,2025-09-01,5,2026-06-01,2172.0,420.9,7.681,8.458
BT9072,2025-11-01,4,2026-06-01,2172.0,457.6,7.681,8.458
BT9072,2026-01-01,3,2026-06-01,2172.0,505.5,7.681,8.458
BT9072,2026-03-01,2,2026-06-01,2172.0,471.7,7.681,8.458
BT9072,2026-05-01,1,2026-06-01,2172.0,665.0,7.681,8.458
BT9072,2026-06-01,1,2026-06-01,2172.0,2419.0,7.681,8.458
BT9072,2025-10-01,5,2026-07-01,888.0,410.7,7.121,8.458
BT9072,2025-12-01,4,2026-07-01,888.0,513.1,7.121,8.458
BT9072,2026-02-01,3,2026-07-01,888.0,476.6,7.121,8.458
BT9072,2026-04-01,2,2026-07-01,888.0,536.7,7.121,8.458
BT9072,2026-05-01,2,2026-07-01,888.0,0.0,7.121,8.458
BT9072,2026-07-01,1,2026-07-01,888.0,705.0,7.121,8.458
BT9076,2025-09-01,1,2025-10-01,0.0,116.1,,9.397
BT9076,2025-10-01,1,2025-11-01,0.0,218.3,,9.397
BT9076,2025-09-01,2,2025-12-01,132.0,233.7,9.895,9.397
BT9076,2025-11-01,1,2025-12-01,132.0,47.1,9.895,9.397
BT9076,2025-10-01,2,2026-01-01,248.0,114.4,10.583,9.397
BT9076,2025-12-01,1,2026-01-01,248.0,143.7,10.583,9.397
BT9076,2025-09-01,3,2026-02-01,729.0,133.0,8.796,9.397
BT9076,2025-11-01,2,2026-02-01,729.0,83.8,8.796,9.397
BT9076,2026-01-01,1,2026-02-01,729.0,170.8,8.796,9.397
BT9076,2025-10-01,3,2026-03-01,265.0,114.8,9.386,9.397
BT9076,2025-12-01,2,2026-03-01,265.0,146.5,9.386,9.397
BT9076,2026-02-01,1,2026-03-01,265.0,158.7,9.386,9.397
BT9076,2025-09-01,4,2026-04-01,1531.0,130.8,7.911,9.397
BT9076,2025-11-01,3,2026-04-01,1531.0,49.7,7.911,9.397
BT9076,2026-01-01,2,2026-04-01,1531.0,169.9,7.911,9.397
BT9076,2026-03-01,1,2026-04-01,1531.0,173.1,7.911,9.397
BT9076,2025-10-01,4,2026-05-01,222.0,85.4,10.983,9.397
BT9076,2025-12-01,3,2026-05-01,222.0,149.9,10.983,9.397
BT9076,2026-02-01,2,2026-05-01,222.0,160.8,10.983,9.397
BT9076,2026-04-01,1,2026-05-01,222.0,170.6,10.983,9.397
BT9076,2026-05-01,1,2026-05-01,222.0,0.0,10.983,9.397
BT9076,2025-09-01,5,2026-06-01,2393.0,97.6,8.894,9.397
BT9076,2025-11-01,4,2026-06-01,2393.0,68.1,8.894,9.397
BT9076,2026-01-01,3,2026-06-01,2393.0,170.8,8.894,9.397
BT9076,2026-03-01,2,2026-06-01,2393.0,170.7,8.894,9.397
BT9076,2026-05-01,1,2026-06-01,2393.0,189.3,8.894,9.397
BT9076,2026-06-01,1,2026-06-01,2393.0,2570.0,8.894,9.397
BT9076,2025-10-01,5,2026-07-01,708.0,94.7,7.122,9.397
BT9076,2025-12-01,4,2026-07-01,708.0,152.7,7.122,9.397
BT9076,2026-02-01,3,2026-07-01,708.0,160.0,7.122,9.397
BT9076,2026-04-01,2,2026-07-01,708.0,176.6,7.122,9.397
BT9076,2026-05-01,2,2026-07-01,708.0,0.0,7.122,9.397
BT9076,2026-07-01,1,2026-07-01,708.0,1733.0,7.122,9.397
BUC-12013,2025-09-01,1,2025-10-01,5532.0,1829.9,3.43,3.43
BUC-12013,2025-10-01,1,2025-11-01,4320.0,2549.7,3.43,3.43
BUC-12013,2025-09-01,2,2025-12-01,12600.0,1944.5,3.43,3.43
BUC-12013,2025-11-01,1,2025-12-01,12600.0,2885.0,3.43,3.43
BUC-12013,2025-10-01,2,2026-01-01,48.0,2653.6,3.43,3.43
BUC-12013,2025-12-01,1,2026-01-01,48.0,4295.4,3.43,3.43
BUC-12013,2025-09-01,3,2026-02-01,1392.0,1790.4,3.43,3.43
BUC-12013,2025-11-01,2,2026-02-01,1392.0,2419.8,3.43,3.43
BUC-12013,2026-01-01,1,2026-02-01,1392.0,2804.4,3.43,3.43
BUC-12013,2025-10-01,3,2026-03-01,2448.0,2163.7,3.43,3.43
BUC-12013,2025-12-01,2,2026-03-01,2448.0,4234.5,3.43,3.43
BUC-12013,2026-02-01,1,2026-03-01,2448.0,2645.2,3.43,3.43
BUC-12013,2025-09-01,4,2026-04-01,4620.0,1750.0,3.43,3.43
BUC-12013,2025-11-01,3,2026-04-01,4620.0,2262.9,3.43,3.43
BUC-12013,2026-01-01,2,2026-04-01,4620.0,2556.5,3.43,3.43
BUC-12013,2025-10-01,4,2026-05-01,1620.0,2322.5,3.43,3.43
BUC-12013,2025-12-01,3,2026-05-01,1620.0,4401.9,3.43,3.43
BUC-12013,2026-02-01,2,2026-05-01,1620.0,2881.1,3.43,3.43
BUC-12013,2026-05-01,1,2026-05-01,1620.0,0.0,3.43,3.43
BUC-12013,2025-09-01,5,2026-06-01,3036.0,1738.5,3.43,3.43
BUC-12013,2025-11-01,4,2026-06-01,3036.0,2390.8,3.43,3.43
BUC-12013,2026-01-01,3,2026-06-01,3036.0,2805.9,3.43,3.43
BUC-12013,2026-06-01,1,2026-06-01,3036.0,4000.0,3.43,3.43
BUC-12013,2025-10-01,5,2026-07-01,4380.0,2211.9,3.43,3.43
BUC-12013,2025-12-01,4,2026-07-01,4380.0,4193.5,3.43,3.43
BUC-12013,2026-02-01,3,2026-07-01,4380.0,2692.9,3.43,3.43
BUC-12013,2026-05-01,2,2026-07-01,4380.0,0.0,3.43,3.43
BUC-12013,2026-07-01,1,2026-07-01,4380.0,4500.0,3.43,3.43
BUC-12014,2025-09-01,1,2025-10-01,3516.0,1642.0,2.1,2.1
BUC-12014,2025-10-01,1,2025-11-01,2532.0,2042.7,2.1,2.1
BUC-12014,2025-09-01,2,2025-12-01,2784.0,1874.7,2.1,2.1
BUC-12014,2025-11-01,1,2025-12-01,2784.0,2177.3,2.1,2.1
BUC-12014,2025-10-01,2,2026-01-01,48.0,2216.1,2.1,2.1
BUC-12014,2025-12-01,1,2026-01-01,48.0,2331.5,2.1,2.1
BUC-12014,2025-09-01,3,2026-02-01,1176.0,1687.8,2.1,2.1
BUC-12014,2025-11-01,2,2026-02-01,1176.0,1900.8,2.1,2.1
BUC-12014,2026-01-01,1,2026-02-01,1176.0,1887.0,2.1,2.1
BUC-12014,2025-10-01,3,2026-03-01,2064.0,2076.8,2.1,2.1
BUC-12014,2025-12-01,2,2026-03-01,2064.0,2202.8,2.1,2.1
BUC-12014,2026-02-01,1,2026-03-01,2064.0,1424.2,2.1,2.1
BUC-12014,2025-09-01,4,2026-04-01,1560.0,1677.6,2.1,2.1
BUC-12014,2025-11-01,3,2026-04-01,1560.0,1950.1,2.1,2.1
BUC-12014,2026-01-01,2,2026-04-01,1560.0,1989.3,2.1,2.1
BUC-12014,2025-10-01,4,2026-05-01,768.0,1948.8,2.1,2.1
BUC-12014,2025-12-01,3,2026-05-01,768.0,2358.5,2.1,2.1
BUC-12014,2026-02-01,2,2026-05-01,768.0,1475.1,2.1,2.1
BUC-12014,2025-09-01,5,2026-06-01,1560.0,1692.7,2.1,2.1
BUC-12014,2025-11-01,4,2026-06-01,1560.0,1846.6,2.1,2.1
BUC-12014,2026-01-01,3,2026-06-01,1560.0,2017.3,2.1,2.1
BUC-12014,2026-06-01,1,2026-06-01,1560.0,2500.0,2.1,2.1
BUC-12014,2025-10-01,5,2026-07-01,2352.0,1752.2,2.1,2.1
BUC-12014,2025-12-01,4,2026-07-01,2352.0,2211.8,2.1,2.1
BUC-12014,2026-02-01,3,2026-07-01,2352.0,1353.9,2.1,2.1
BUC-12014,2026-07-01,1,2026-07-01,2352.0,0.0,2.1,2.1
BUC-12015,2025-09-01,1,2025-10-01,1824.0,3304.0,2.1,2.1
BUC-12015,2025-10-01,1,2025-11-01,0.0,3307.4,,2.1
BUC-12015,2025-09-01,2,2025-12-01,5352.0,3307.8,2.1,2.1
BUC-12015,2025-11-01,1,2025-12-01,5352.0,2700.0,2.1,2.1
BUC-12015,2025-10-01,2,2026-01-01,456.0,3044.7,2.1,2.1
BUC-12015,2025-12-01,1,2026-01-01,456.0,3090.8,2.1,2.1
BUC-12015,2025-09-01,3,2026-02-01,2280.0,3173.7,2.1,2.1
BUC-12015,2025-11-01,2,2026-02-01,2280.0,2362.8,2.1,2.1
BUC-12015,2026-01-01,1,2026-02-01,2280.0,2361.2,2.1,2.1
BUC-12015,2025-10-01,3,2026-03-01,4488.0,3020.3,2.1,2.1
BUC-12015,2025-12-01,2,2026-03-01,4488.0,3305.3,2.1,2.1
BUC-12015,2026-02-01,1,2026-03-01,4488.0,1672.0,2.1,2.1
BUC-12015,2025-09-01,4,2026-04-01,6312.0,3179.9,2.1,2.1
BUC-12015,2025-11-01,3,2026-04-01,6312.0,2115.6,2.1,2.1
BUC-12015,2026-01-01,2,2026-04-01,6312.0,2002.4,2.1,2.1
BUC-12015,2025-10-01,4,2026-05-01,2136.0,3029.1,2.1,2.1
BUC-12015,2025-12-01,3,2026-05-01,2136.0,2883.8,2.1,2.1
BUC-12015,2026-02-01,2,2026-05-01,2136.0,1761.3,2.1,2.1
BUC-12015,2026-05-01,1,2026-05-01,2136.0,0.0,2.1,2.1
BUC-12015,2025-09-01,5,2026-06-01,4080.0,3100.6,2.1,2.1
BUC-12015,2025-11-01,4,2026-06-01,4080.0,2079.9,2.1,2.1
BUC-12015,2026-01-01,3,2026-06-01,4080.0,2207.9,2.1,2.1
BUC-12015,2026-06-01,1,2026-06-01,4080.0,6000.0,2.1,2.1
BUC-12015,2025-10-01,5,2026-07-01,5448.0,2979.0,2.1,2.1
BUC-12015,2025-12-01,4,2026-07-01,5448.0,2954.5,2.1,2.1
BUC-12015,2026-02-01,3,2026-07-01,5448.0,1672.5,2.1,2.1
BUC-12015,2026-05-01,2,2026-07-01,5448.0,0.0,2.1,2.1
BUC-12015,2026-07-01,1,2026-07-01,5448.0,5600.0,2.1,2.1
C02-30-9002-24,2025-09-01,1,2025-10-01,0.0,2.3,,3.373
C02-30-9002-24,2025-10-01,1,2025-11-01,0.0,5.4,,3.373
C02-30-9002-24,2025-09-01,2,2025-12-01,0.0,110.8,,3.373
C02-30-9002-24,2025-11-01,1,2025-12-01,0.0,3.0,,3.373
C02-30-9002-24,2025-10-01,2,2026-01-01,0.0,103.1,,3.373
C02-30-9002-24,2025-12-01,1,2026-01-01,0.0,46.0,,3.373
C02-30-9002-24,2025-09-01,3,2026-02-01,11064.0,102.6,4.23,3.373
C02-30-9002-24,2025-11-01,2,2026-02-01,11064.0,76.6,4.23,3.373
C02-30-9002-24,2026-01-01,1,2026-02-01,11064.0,79.0,4.23,3.373
C02-30-9002-24,2025-10-01,3,2026-03-01,168.0,71.5,3.0,3.373
C02-30-9002-24,2025-12-01,2,2026-03-01,168.0,94.8,3.0,3.373
C02-30-9002-24,2026-02-01,1,2026-03-01,168.0,3437.2,3.0,3.373
C02-30-9002-24,2025-09-01,4,2026-04-01,0.0,88.4,,3.373
C02-30-9002-24,2025-11-01,3,2026-04-01,0.0,87.0,,3.373
C02-30-9002-24,2026-01-01,2,2026-04-01,0.0,138.7,,3.373
C02-30-9002-24,2025-10-01,4,2026-05-01,17040.0,79.0,3.165,3.373
C02-30-9002-24,2025-12-01,3,2026-05-01,17040.0,52.8,3.165,3.373
C02-30-9002-24,2026-02-01,2,2026-05-01,17040.0,3447.8,3.165,3.373
C02-30-9002-24,2026-05-01,1,2026-05-01,17040.0,0.0,3.165,3.373
C02-30-9002-24,2025-09-01,5,2026-06-01,2136.0,68.5,3.282,3.373
C02-30-9002-24,2025-11-01,4,2026-06-01,2136.0,105.4,3.282,3.373
C02-30-9002-24,2026-01-01,3,2026-06-01,2136.0,102.9,3.282,3.373
C02-30-9002-24,2026-06-01,1,2026-06-01,2136.0,240.0,3.282,3.373
C02-30-9002-24,2025-10-01,5,2026-07-01,408.0,87.1,2.925,3.373
C02-30-9002-24,2025-12-01,4,2026-07-01,408.0,58.4,2.925,3.373
C02-30-9002-24,2026-02-01,3,2026-07-01,408.0,3459.9,2.925,3.373
C02-30-9002-24,2026-05-01,2,2026-07-01,408.0,0.0,2.925,3.373
C02-30-9002-24,2026-07-01,1,2026-07-01,408.0,10560.0,2.925,3.373
CP10169,2025-09-01,1,2025-10-01,6.0,7019.5,7.55,6.972
CP10169,2025-10-01,1,2025-11-01,13800.0,3658.4,7.55,6.972
CP10169,2025-09-01,2,2025-12-01,8724.0,7311.7,6.4,6.972
CP10169,2025-11-01,1,2025-12-01,8724.0,6714.2,6.4,6.972
CP10169,2025-10-01,2,2026-01-01,6750.0,4254.1,7.55,6.972
CP10169,2025-12-01,1,2026-01-01,6750.0,8512.6,7.55,6.972
CP10169,2025-09-01,3,2026-02-01,6498.0,7419.4,7.55,6.972
CP10169,2025-11-01,2,2026-02-01,6498.0,6768.7,7.55,6.972
CP10169,2026-01-01,1,2026-02-01,6498.0,7481.5,7.55,6.972
CP10169,2025-10-01,3,2026-03-01,9420.0,4333.8,7.55,6.972
CP10169,2025-12-01,2,2026-03-01,9420.0,8319.8,7.55,6.972
CP10169,2026-02-01,1,2026-03-01,9420.0,7017.8,7.55,6.972
CP10169,2025-09-01,4,2026-04-01,8070.0,7330.1,6.4,6.972
CP10169,2025-11-01,3,2026-04-01,8070.0,8114.6,6.4,6.972
CP10169,2026-01-01,2,2026-04-01,8070.0,7721.6,6.4,6.972
CP10169,2026-03-01,1,2026-04-01,8070.0,8223.2,6.4,6.972
CP10169,2025-10-01,4,2026-05-01,6072.0,4995.6,7.55,6.972
CP10169,2025-12-01,3,2026-05-01,6072.0,7852.4,7.55,6.972
CP10169,2026-02-01,2,2026-05-01,6072.0,7155.9,7.55,6.972
CP10169,2026-04-01,1,2026-05-01,6072.0,7644.5,7.55,6.972
CP10169,2026-05-01,1,2026-05-01,6072.0,0.0,7.55,6.972
CP10169,2025-09-01,5,2026-06-01,6948.0,6934.1,7.55,6.972
CP10169,2025-11-01,4,2026-06-01,6948.0,7560.3,7.55,6.972
CP10169,2026-01-01,3,2026-06-01,6948.0,7624.9,7.55,6.972
CP10169,2026-03-01,2,2026-06-01,6948.0,7128.6,7.55,6.972
CP10169,2026-05-01,1,2026-06-01,6948.0,8486.6,7.55,6.972
CP10169,2026-06-01,1,2026-06-01,6948.0,8793.0,7.55,6.972
CP10169,2025-10-01,5,2026-07-01,9582.0,4589.5,7.55,6.972
CP10169,2025-12-01,4,2026-07-01,9582.0,8579.2,7.55,6.972
CP10169,2026-02-01,3,2026-07-01,9582.0,6403.1,7.55,6.972
CP10169,2026-04-01,2,2026-07-01,9582.0,9965.3,7.55,6.972
CP10169,2026-05-01,2,2026-07-01,9582.0,0.0,7.55,6.972
CP10169,2026-07-01,1,2026-07-01,9582.0,8177.0,7.55,6.972
CP10428,2025-09-01,1,2025-10-01,60.0,1003.1,5.0,6.831
CP10428,2025-10-01,1,2025-11-01,354.0,667.1,5.44,6.831
CP10428,2025-09-01,2,2025-12-01,276.0,995.0,5.88,6.831
CP10428,2025-11-01,1,2025-12-01,276.0,733.1,5.88,6.831
CP10428,2025-10-01,2,2026-01-01,54.0,785.3,5.88,6.831
CP10428,2025-12-01,1,2026-01-01,54.0,752.5,5.88,6.831
CP10428,2025-09-01,3,2026-02-01,1476.0,1169.2,10.104,6.831
CP10428,2025-11-01,2,2026-02-01,1476.0,668.1,10.104,6.831
CP10428,2026-01-01,1,2026-02-01,1476.0,723.8,10.104,6.831
CP10428,2025-10-01,3,2026-03-01,684.0,669.0,6.707,6.831
CP10428,2025-12-01,2,2026-03-01,684.0,930.1,6.707,6.831
CP10428,2026-02-01,1,2026-03-01,684.0,799.8,6.707,6.831
CP10428,2025-09-01,4,2026-04-01,732.0,1117.1,7.016,6.831
CP10428,2025-11-01,3,2026-04-01,732.0,685.0,7.016,6.831
CP10428,2026-01-01,2,2026-04-01,732.0,869.6,7.016,6.831
CP10428,2026-03-01,1,2026-04-01,732.0,635.7,7.016,6.831
CP10428,2025-10-01,4,2026-05-01,1476.0,707.9,6.39,6.831
CP10428,2025-12-01,3,2026-05-01,1476.0,786.0,6.39,6.831
CP10428,2026-02-01,2,2026-05-01,1476.0,790.4,6.39,6.831
CP10428,2026-04-01,1,2026-05-01,1476.0,704.5,6.39,6.831
CP10428,2026-05-01,1,2026-05-01,1476.0,0.0,6.39,6.831
CP10428,2025-09-01,5,2026-06-01,4998.0,1048.5,6.93,6.831
CP10428,2025-11-01,4,2026-06-01,4998.0,684.8,6.93,6.831
CP10428,2026-01-01,3,2026-06-01,4998.0,645.9,6.93,6.831
CP10428,2026-03-01,2,2026-06-01,4998.0,823.7,6.93,6.831
CP10428,2026-05-01,1,2026-06-01,4998.0,577.3,6.93,6.831
CP10428,2026-06-01,1,2026-06-01,4998.0,1863.0,6.93,6.831
CP10428,2025-10-01,5,2026-07-01,852.0,734.4,6.89,6.831
CP10428,2025-12-01,4,2026-07-01,852.0,773.1,6.89,6.831
CP10428,2026-02-01,3,2026-07-01,852.0,828.8,6.89,6.831
CP10428,2026-04-01,2,2026-07-01,852.0,717.1,6.89,6.831
CP10428,2026-05-01,2,2026-07-01,852.0,0.0,6.89,6.831
CP10428,2026-07-01,1,2026-07-01,852.0,1701.0,6.89,6.831
CP10666,2025-09-01,1,2025-10-01,336.0,440.2,5.826,5.198
CP10666,2025-10-01,1,2025-11-01,540.0,473.1,5.6,5.198
CP10666,2025-09-01,2,2025-12-01,90.0,494.3,6.497,5.198
CP10666,2025-11-01,1,2025-12-01,90.0,540.9,6.497,5.198
CP10666,2025-10-01,2,2026-01-01,312.0,482.0,6.039,5.198
CP10666,2025-12-01,1,2026-01-01,312.0,434.7,6.039,5.198
CP10666,2025-09-01,3,2026-02-01,1392.0,486.6,5.674,5.198
CP10666,2025-11-01,2,2026-02-01,1392.0,521.4,5.674,5.198
CP10666,2026-01-01,1,2026-02-01,1392.0,518.9,5.674,5.198
CP10666,2025-10-01,3,2026-03-01,1404.0,489.6,5.95,5.198
CP10666,2025-12-01,2,2026-03-01,1404.0,453.6,5.95,5.198
CP10666,2026-02-01,1,2026-03-01,1404.0,800.5,5.95,5.198
CP10666,2025-09-01,4,2026-04-01,192.0,474.5,5.707,5.198
CP10666,2025-11-01,3,2026-04-01,192.0,506.1,5.707,5.198
CP10666,2026-01-01,2,2026-04-01,192.0,545.9,5.707,5.198
CP10666,2026-03-01,1,2026-04-01,192.0,1009.6,5.707,5.198
CP10666,2025-10-01,4,2026-05-01,1104.0,507.5,5.1,5.198
CP10666,2025-12-01,3,2026-05-01,1104.0,443.3,5.1,5.198
CP10666,2026-02-01,2,2026-05-01,1104.0,774.5,5.1,5.198
CP10666,2026-04-01,1,2026-05-01,1104.0,542.3,5.1,5.198
CP10666,2026-05-01,1,2026-05-01,1104.0,0.0,5.1,5.198
CP10666,2025-09-01,5,2026-06-01,1446.0,510.0,5.065,5.198
CP10666,2025-11-01,4,2026-06-01,1446.0,524.3,5.065,5.198
CP10666,2026-01-01,3,2026-06-01,1446.0,574.0,5.065,5.198
CP10666,2026-03-01,2,2026-06-01,1446.0,1040.7,5.065,5.198
CP10666,2026-05-01,1,2026-06-01,1446.0,456.4,5.065,5.198
CP10666,2026-06-01,1,2026-06-01,1446.0,766.0,5.065,5.198
CP10666,2025-10-01,5,2026-07-01,264.0,498.9,5.135,5.198
CP10666,2025-12-01,4,2026-07-01,264.0,464.3,5.135,5.198
CP10666,2026-02-01,3,2026-07-01,264.0,781.8,5.135,5.198
CP10666,2026-04-01,2,2026-07-01,264.0,596.8,5.135,5.198
CP10666,2026-05-01,2,2026-07-01,264.0,0.0,5.135,5.198
CP10666,2026-07-01,1,2026-07-01,264.0,1102.0,5.135,5.198
CP11529,2025-09-01,1,2025-10-01,36116.0,7200.2,7.892,8.256
CP11529,2025-10-01,1,2025-11-01,15487.0,15802.9,8.915,8.256
CP11529,2025-09-01,2,2025-12-01,17277.0,9378.1,7.799,8.256
CP11529,2025-11-01,1,2025-12-01,17277.0,13995.3,7.799,8.256
CP11529,2025-10-01,2,2026-01-01,8970.0,16091.3,8.113,8.256
CP11529,2025-12-01,1,2026-01-01,8970.0,17496.5,8.113,8.256
CP11529,2025-09-01,3,2026-02-01,8550.0,10043.7,7.755,8.256
CP11529,2025-11-01,2,2026-02-01,8550.0,13799.3,7.755,8.256
CP11529,2026-01-01,1,2026-02-01,8550.0,13677.0,7.755,8.256
CP11529,2025-10-01,3,2026-03-01,22969.0,14529.3,7.96,8.256
CP11529,2025-12-01,2,2026-03-01,22969.0,17934.2,7.96,8.256
CP11529,2026-02-01,1,2026-03-01,22969.0,11753.3,7.96,8.256
CP11529,2025-09-01,4,2026-04-01,15491.0,8798.6,7.913,8.256
CP11529,2025-11-01,3,2026-04-01,15491.0,14772.7,7.913,8.256
CP11529,2026-01-01,2,2026-04-01,15491.0,16638.6,7.913,8.256
CP11529,2026-03-01,1,2026-04-01,15491.0,12314.6,7.913,8.256
CP11529,2025-10-01,4,2026-05-01,27593.0,16210.6,8.087,8.256
CP11529,2025-12-01,3,2026-05-01,27593.0,17616.7,8.087,8.256
CP11529,2026-02-01,2,2026-05-01,27593.0,12328.5,8.087,8.256
CP11529,2026-04-01,1,2026-05-01,27593.0,12223.3,8.087,8.256
CP11529,2026-05-01,1,2026-05-01,27593.0,0.0,8.087,8.256
CP11529,2025-09-01,5,2026-06-01,7443.0,9063.9,9.394,8.256
CP11529,2025-11-01,4,2026-06-01,7443.0,13909.5,9.394,8.256
CP11529,2026-01-01,3,2026-06-01,7443.0,16371.8,9.394,8.256
CP11529,2026-03-01,2,2026-06-01,7443.0,13447.9,9.394,8.256
CP11529,2026-05-01,1,2026-06-01,7443.0,14308.3,9.394,8.256
CP11529,2026-06-01,1,2026-06-01,7443.0,26510.0,9.394,8.256
CP11529,2025-10-01,5,2026-07-01,15805.0,15879.6,8.133,8.256
CP11529,2025-12-01,4,2026-07-01,15805.0,18720.6,8.133,8.256
CP11529,2026-02-01,3,2026-07-01,15805.0,12154.8,8.133,8.256
CP11529,2026-04-01,2,2026-07-01,15805.0,14111.5,8.133,8.256
CP11529,2026-05-01,2,2026-07-01,15805.0,0.0,8.133,8.256
CP11529,2026-07-01,1,2026-07-01,15805.0,25642.0,8.133,8.256
CP11623,2025-09-01,1,2025-10-01,6828.0,3545.3,5.97,6.141
CP11623,2025-10-01,1,2025-11-01,4140.0,5188.2,6.097,6.141
CP11623,2025-09-01,2,2025-12-01,2657.0,3589.9,6.297,6.141
CP11623,2025-11-01,1,2025-12-01,2657.0,4545.5,6.297,6.141
CP11623,2025-10-01,2,2026-01-01,1161.0,5060.4,6.097,6.141
CP11623,2025-12-01,1,2026-01-01,1161.0,4132.5,6.097,6.141
CP11623,2025-09-01,3,2026-02-01,4647.0,3599.8,6.545,6.141
CP11623,2025-11-01,2,2026-02-01,4647.0,4688.9,6.545,6.141
CP11623,2026-01-01,1,2026-02-01,4647.0,3058.3,6.545,6.141
CP11623,2025-10-01,3,2026-03-01,7312.0,5399.1,6.291,6.141
CP11623,2025-12-01,2,2026-03-01,7312.0,4236.3,6.291,6.141
CP11623,2026-02-01,1,2026-03-01,7312.0,3408.6,6.291,6.141
CP11623,2025-09-01,4,2026-04-01,1703.0,3719.1,6.453,6.141
CP11623,2025-11-01,3,2026-04-01,1703.0,4970.9,6.453,6.141
CP11623,2026-01-01,2,2026-04-01,1703.0,3559.0,6.453,6.141
CP11623,2026-03-01,1,2026-04-01,1703.0,4741.2,6.453,6.141
CP11623,2025-10-01,4,2026-05-01,1608.0,5604.5,6.226,6.141
CP11623,2025-12-01,3,2026-05-01,1608.0,4610.1,6.226,6.141
CP11623,2026-02-01,2,2026-05-01,1608.0,3830.7,6.226,6.141
CP11623,2026-04-01,1,2026-05-01,1608.0,3066.6,6.226,6.141
CP11623,2026-05-01,1,2026-05-01,1608.0,0.0,6.226,6.141
CP11623,2025-09-01,5,2026-06-01,1781.0,3600.3,6.426,6.141
CP11623,2025-11-01,4,2026-06-01,1781.0,5213.0,6.426,6.141
CP11623,2026-01-01,3,2026-06-01,1781.0,3659.6,6.426,6.141
CP11623,2026-03-01,2,2026-06-01,1781.0,4932.8,6.426,6.141
CP11623,2026-05-01,1,2026-06-01,1781.0,3053.8,6.426,6.141
CP11623,2026-06-01,1,2026-06-01,1781.0,5388.0,6.426,6.141
CP11623,2025-10-01,5,2026-07-01,1153.0,5809.1,6.801,6.141
CP11623,2025-12-01,4,2026-07-01,1153.0,4175.4,6.801,6.141
CP11623,2026-02-01,3,2026-07-01,1153.0,4125.7,6.801,6.141
CP11623,2026-04-01,2,2026-07-01,1153.0,3825.2,6.801,6.141
CP11623,2026-05-01,2,2026-07-01,1153.0,0.0,6.801,6.141
CP11623,2026-07-01,1,2026-07-01,1153.0,5064.0,6.801,6.141
CP12334,2025-09-01,1,2025-10-01,6606.0,4227.5,5.007,5.512
CP12334,2025-10-01,1,2025-11-01,3684.0,5662.8,5.033,5.512
CP12334,2025-09-01,2,2025-12-01,2670.0,3688.1,8.071,5.512
CP12334,2025-11-01,1,2025-12-01,2670.0,4119.4,8.071,5.512
CP12334,2025-10-01,2,2026-01-01,980.0,5239.1,8.575,5.512
CP12334,2025-12-01,1,2026-01-01,980.0,4319.4,8.575,5.512
CP12334,2025-09-01,3,2026-02-01,3249.0,3525.6,7.078,5.512
CP12334,2025-11-01,2,2026-02-01,3249.0,4156.7,7.078,5.512
CP12334,2026-01-01,1,2026-02-01,3249.0,4104.1,7.078,5.512
CP12334,2025-10-01,3,2026-03-01,3001.0,5044.9,5.902,5.512
CP12334,2025-12-01,2,2026-03-01,3001.0,4191.4,5.902,5.512
CP12334,2026-02-01,1,2026-03-01,3001.0,3267.0,5.902,5.512
CP12334,2025-09-01,4,2026-04-01,3338.0,3803.3,5.966,5.512
CP12334,2025-11-01,3,2026-04-01,3338.0,4303.4,5.966,5.512
CP12334,2026-01-01,2,2026-04-01,3338.0,3821.5,5.966,5.512
CP12334,2026-03-01,1,2026-04-01,3338.0,2227.2,5.966,5.512
CP12334,2025-10-01,4,2026-05-01,2750.0,5175.1,5.565,5.512
CP12334,2025-12-01,3,2026-05-01,2750.0,4092.1,5.565,5.512
CP12334,2026-02-01,2,2026-05-01,2750.0,3188.7,5.565,5.512
CP12334,2026-04-01,1,2026-05-01,2750.0,2484.9,5.565,5.512
CP12334,2026-05-01,1,2026-05-01,2750.0,0.0,5.565,5.512
CP12334,2025-09-01,5,2026-06-01,3761.0,4010.7,5.51,5.512
CP12334,2025-11-01,4,2026-06-01,3761.0,4112.7,5.51,5.512
CP12334,2026-01-01,3,2026-06-01,3761.0,3762.2,5.51,5.512
CP12334,2026-03-01,2,2026-06-01,3761.0,2165.1,5.51,5.512
CP12334,2026-05-01,1,2026-06-01,3761.0,2467.0,5.51,5.512
CP12334,2026-06-01,1,2026-06-01,3761.0,3355.0,5.51,5.512
CP12334,2025-10-01,5,2026-07-01,2973.0,5299.8,5.572,5.512
CP12334,2025-12-01,4,2026-07-01,2973.0,4104.1,5.572,5.512
CP12334,2026-02-01,3,2026-07-01,2973.0,3246.3,5.572,5.512
CP12334,2026-04-01,2,2026-07-01,2973.0,2366.0,5.572,5.512
CP12334,2026-05-01,2,2026-07-01,2973.0,0.0,5.572,5.512
CP12334,2026-07-01,1,2026-07-01,2973.0,3240.0,5.572,5.512
CP12479,2025-09-01,1,2025-10-01,21785.0,9821.6,5.826,5.764
CP12479,2025-10-01,1,2025-11-01,9086.0,12176.0,6.245,5.764
CP12479,2025-09-01,2,2025-12-01,22420.0,10731.9,5.923,5.764
CP12479,2025-11-01,1,2025-12-01,22420.0,11291.8,5.923,5.764
CP12479,2025-10-01,2,2026-01-01,17111.0,12881.4,6.759,5.764
CP12479,2025-12-01,1,2026-01-01,17111.0,12614.2,6.759,5.764
CP12479,2025-09-01,3,2026-02-01,12695.0,10477.7,6.315,5.764
CP12479,2025-11-01,2,2026-02-01,12695.0,10605.1,6.315,5.764
CP12479,2026-01-01,1,2026-02-01,12695.0,16876.5,6.315,5.764
CP12479,2025-10-01,3,2026-03-01,22542.0,13270.7,5.949,5.764
CP12479,2025-12-01,2,2026-03-01,22542.0,15573.5,5.949,5.764
CP12479,2026-02-01,1,2026-03-01,22542.0,14453.3,5.949,5.764
CP12479,2025-09-01,4,2026-04-01,23853.0,9882.3,6.348,5.764
CP12479,2025-11-01,3,2026-04-01,23853.0,11709.1,6.348,5.764
CP12479,2026-01-01,2,2026-04-01,23853.0,16816.1,6.348,5.764
CP12479,2026-03-01,1,2026-04-01,23853.0,15440.2,6.348,5.764
CP12479,2025-10-01,4,2026-05-01,30178.0,14898.4,6.135,5.764
CP12479,2025-12-01,3,2026-05-01,30178.0,13746.8,6.135,5.764
CP12479,2026-02-01,2,2026-05-01,30178.0,13717.7,6.135,5.764
CP12479,2026-04-01,1,2026-05-01,30178.0,19229.4,6.135,5.764
CP12479,2026-05-01,1,2026-05-01,30178.0,0.0,6.135,5.764
CP12479,2025-09-01,5,2026-06-01,12657.0,10871.0,6.395,5.764
CP12479,2025-11-01,4,2026-06-01,12657.0,11161.8,6.395,5.764
CP12479,2026-01-01,3,2026-06-01,12657.0,17435.8,6.395,5.764
CP12479,2026-03-01,2,2026-06-01,12657.0,15651.2,6.395,5.764
CP12479,2026-05-01,1,2026-06-01,12657.0,20043.4,6.395,5.764
CP12479,2026-06-01,1,2026-06-01,12657.0,23300.0,6.395,5.764
CP12479,2025-10-01,5,2026-07-01,34770.0,13514.9,5.744,5.764
CP12479,2025-12-01,4,2026-07-01,34770.0,16268.7,5.744,5.764
CP12479,2026-02-01,3,2026-07-01,34770.0,13434.5,5.744,5.764
CP12479,2026-04-01,2,2026-07-01,34770.0,20455.7,5.744,5.764
CP12479,2026-05-01,2,2026-07-01,34770.0,0.0,5.744,5.764
CP12479,2026-07-01,1,2026-07-01,34770.0,20224.0,5.744,5.764
CP12818,2025-09-01,1,2025-10-01,3156.0,1182.7,6.467,6.144
CP12818,2025-10-01,1,2025-11-01,3699.0,1788.0,6.774,6.144
CP12818,2025-09-01,2,2025-12-01,1705.0,1160.2,6.701,6.144
CP12818,2025-11-01,1,2025-12-01,1705.0,2493.5,6.701,6.144
CP12818,2025-10-01,2,2026-01-01,3083.0,1544.8,6.261,6.144
CP12818,2025-12-01,1,2026-01-01,3083.0,2601.4,6.261,6.144
CP12818,2025-09-01,3,2026-02-01,1716.0,1220.1,6.07,6.144
CP12818,2025-11-01,2,2026-02-01,1716.0,2179.2,6.07,6.144
CP12818,2026-01-01,1,2026-02-01,1716.0,2353.9,6.07,6.144
CP12818,2025-10-01,3,2026-03-01,3554.0,1587.7,5.983,6.144
CP12818,2025-12-01,2,2026-03-01,3554.0,2456.9,5.983,6.144
CP12818,2026-02-01,1,2026-03-01,3554.0,1727.6,5.983,6.144
CP12818,2025-09-01,4,2026-04-01,921.0,1247.7,6.401,6.144
CP12818,2025-11-01,3,2026-04-01,921.0,2573.3,6.401,6.144
CP12818,2026-01-01,2,2026-04-01,921.0,2428.9,6.401,6.144
CP12818,2026-03-01,1,2026-04-01,921.0,2504.7,6.401,6.144
CP12818,2025-10-01,4,2026-05-01,1201.0,1836.2,6.706,6.144
CP12818,2025-12-01,3,2026-05-01,1201.0,2577.2,6.706,6.144
CP12818,2026-02-01,2,2026-05-01,1201.0,1746.6,6.706,6.144
CP12818,2026-04-01,1,2026-05-01,1201.0,1694.0,6.706,6.144
CP12818,2026-05-01,1,2026-05-01,1201.0,0.0,6.706,6.144
CP12818,2025-09-01,5,2026-06-01,803.0,1370.4,6.172,6.144
CP12818,2025-11-01,4,2026-06-01,803.0,2539.8,6.172,6.144
CP12818,2026-01-01,3,2026-06-01,803.0,2373.6,6.172,6.144
CP12818,2026-03-01,2,2026-06-01,803.0,2411.4,6.172,6.144
CP12818,2026-05-01,1,2026-06-01,803.0,1791.2,6.172,6.144
CP12818,2026-06-01,1,2026-06-01,803.0,1915.0,6.172,6.144
CP12818,2025-10-01,5,2026-07-01,850.0,2105.8,6.273,6.144
CP12818,2025-12-01,4,2026-07-01,850.0,2569.2,6.273,6.144
CP12818,2026-02-01,3,2026-07-01,850.0,1747.9,6.273,6.144
CP12818,2026-04-01,2,2026-07-01,850.0,1858.1,6.273,6.144
CP12818,2026-05-01,2,2026-07-01,850.0,0.0,6.273,6.144
CP12818,2026-07-01,1,2026-07-01,850.0,1630.0,6.273,6.144
CP13001,2025-09-01,1,2025-10-01,12814.0,5939.6,3.843,3.659
CP13001,2025-10-01,1,2025-11-01,17480.0,8162.4,2.841,3.659
CP13001,2025-09-01,2,2025-12-01,29075.0,5666.4,3.673,3.659
CP13001,2025-11-01,1,2025-12-01,29075.0,11250.9,3.673,3.659
CP13001,2025-10-01,2,2026-01-01,10519.0,7717.5,4.986,3.659
CP13001,2025-12-01,1,2026-01-01,10519.0,15914.6,4.986,3.659
CP13001,2025-09-01,3,2026-02-01,143.0,5698.8,6.214,3.659
CP13001,2025-11-01,2,2026-02-01,143.0,10860.6,6.214,3.659
CP13001,2026-01-01,1,2026-02-01,143.0,13841.4,6.214,3.659
CP13001,2025-10-01,3,2026-03-01,328.0,7958.8,5.204,3.659
CP13001,2025-12-01,2,2026-03-01,328.0,18426.9,5.204,3.659
CP13001,2026-02-01,1,2026-03-01,328.0,958.1,5.204,3.659
CP13001,2025-09-01,4,2026-04-01,4886.0,5906.7,4.572,3.659
CP13001,2025-11-01,3,2026-04-01,4886.0,11001.8,4.572,3.659
CP13001,2026-01-01,2,2026-04-01,4886.0,14583.7,4.572,3.659
CP13001,2026-03-01,1,2026-04-01,4886.0,392.3,4.572,3.659
CP13001,2025-10-01,4,2026-05-01,5702.0,7749.1,4.293,3.659
CP13001,2025-12-01,3,2026-05-01,5702.0,18554.8,4.293,3.659
CP13001,2026-02-01,2,2026-05-01,5702.0,1000.0,4.293,3.659
CP13001,2026-04-01,1,2026-05-01,5702.0,368.8,4.293,3.659
CP13001,2026-05-01,1,2026-05-01,5702.0,0.0,4.293,3.659
CP13001,2025-09-01,5,2026-06-01,4636.0,5791.3,4.172,3.659
CP13001,2025-11-01,4,2026-06-01,4636.0,10477.2,4.172,3.659
CP13001,2026-01-01,3,2026-06-01,4636.0,13888.1,4.172,3.659
CP13001,2026-03-01,2,2026-06-01,4636.0,400.2,4.172,3.659
CP13001,2026-05-01,1,2026-06-01,4636.0,363.2,4.172,3.659
CP13001,2026-06-01,1,2026-06-01,4636.0,12163.0,4.172,3.659
CP13001,2025-10-01,5,2026-07-01,3651.0,7508.4,3.976,3.659
CP13001,2025-12-01,4,2026-07-01,3651.0,17756.3,3.976,3.659
CP13001,2026-02-01,3,2026-07-01,3651.0,1123.4,3.976,3.659
CP13001,2026-04-01,2,2026-07-01,3651.0,370.5,3.976,3.659
CP13001,2026-05-01,2,2026-07-01,3651.0,0.0,3.976,3.659
CP13001,2026-07-01,1,2026-07-01,3651.0,9376.0,3.976,3.659
CP13014,2025-09-01,1,2025-10-01,42840.0,20462.9,3.5,3.291
CP13014,2025-10-01,1,2025-11-01,33672.0,25690.7,3.5,3.291
CP13014,2025-09-01,2,2025-12-01,24216.0,21611.0,3.5,3.291
CP13014,2025-11-01,1,2025-12-01,24216.0,26734.8,3.5,3.291
CP13014,2025-10-01,2,2026-01-01,15480.0,24769.4,3.5,3.291
CP13014,2025-12-01,1,2026-01-01,15480.0,25697.0,3.5,3.291
CP13014,2025-09-01,3,2026-02-01,3672.0,19275.0,3.5,3.291
CP13014,2025-11-01,2,2026-02-01,3672.0,27193.3,3.5,3.291
CP13014,2026-01-01,1,2026-02-01,3672.0,21375.3,3.5,3.291
CP13014,2025-10-01,3,2026-03-01,2664.0,26226.2,3.1,3.291
CP13014,2025-12-01,2,2026-03-01,2664.0,26190.4,3.1,3.291
CP13014,2026-02-01,1,2026-03-01,2664.0,13141.8,3.1,3.291
CP13014,2025-09-01,4,2026-04-01,4176.0,20646.9,3.1,3.291
CP13014,2025-11-01,3,2026-04-01,4176.0,26060.4,3.1,3.291
CP13014,2026-01-01,2,2026-04-01,4176.0,21896.2,3.1,3.291
CP13014,2026-03-01,1,2026-04-01,4176.0,9885.8,3.1,3.291
CP13014,2025-10-01,4,2026-05-01,17328.0,25705.4,3.1,3.291
CP13014,2025-12-01,3,2026-05-01,17328.0,27875.1,3.1,3.291
CP13014,2026-02-01,2,2026-05-01,17328.0,13851.2,3.1,3.291
CP13014,2026-04-01,1,2026-05-01,17328.0,7969.2,3.1,3.291
CP13014,2026-05-01,1,2026-05-01,17328.0,0.0,3.1,3.291
CP13014,2025-09-01,5,2026-06-01,1272.0,20268.1,3.5,3.291
CP13014,2025-11-01,4,2026-06-01,1272.0,26510.0,3.5,3.291
CP13014,2026-01-01,3,2026-06-01,1272.0,22880.6,3.5,3.291
CP13014,2026-03-01,2,2026-06-01,1272.0,10368.4,3.5,3.291
CP13014,2026-05-01,1,2026-06-01,1272.0,13887.9,3.5,3.291
CP13014,2026-06-01,1,2026-06-01,1272.0,14928.0,3.5,3.291
CP13014,2025-10-01,5,2026-07-01,9816.0,24856.4,3.1,3.291
CP13014,2025-12-01,4,2026-07-01,9816.0,27065.1,3.1,3.291
CP13014,2026-02-01,3,2026-07-01,9816.0,13797.4,3.1,3.291
CP13014,2026-04-01,2,2026-07-01,9816.0,6688.1,3.1,3.291
CP13014,2026-05-01,2,2026-07-01,9816.0,0.0,3.1,3.291
CP13014,2026-07-01,1,2026-07-01,9816.0,7426.0,3.1,3.291
CP13026,2025-09-01,1,2025-10-01,2616.0,3539.3,3.5,3.5
CP13026,2025-10-01,1,2025-11-01,600.0,3280.0,3.5,3.5
CP13026,2025-09-01,2,2025-12-01,8856.0,3550.4,3.5,3.5
CP13026,2025-11-01,1,2025-12-01,8856.0,2622.7,3.5,3.5
CP13026,2025-10-01,2,2026-01-01,3480.0,3216.0,3.5,3.5
CP13026,2025-12-01,1,2026-01-01,3480.0,3439.7,3.5,3.5
CP13026,2025-09-01,3,2026-02-01,240.0,3513.2,3.5,3.5
CP13026,2025-11-01,2,2026-02-01,240.0,2749.2,3.5,3.5
CP13026,2026-01-01,1,2026-02-01,240.0,3658.1,3.5,3.5
CP13026,2025-10-01,3,2026-03-01,3096.0,3116.4,3.5,3.5
CP13026,2025-12-01,2,2026-03-01,3096.0,3766.3,3.5,3.5
CP13026,2026-02-01,1,2026-03-01,3096.0,2819.9,3.5,3.5
CP13026,2025-09-01,4,2026-04-01,4872.0,3437.5,3.5,3.5
CP13026,2025-11-01,3,2026-04-01,4872.0,2830.8,3.5,3.5
CP13026,2026-01-01,2,2026-04-01,4872.0,3377.3,3.5,3.5
CP13026,2025-10-01,4,2026-05-01,4848.0,3114.3,3.5,3.5
CP13026,2025-12-01,3,2026-05-01,4848.0,3606.4,3.5,3.5
CP13026,2026-02-01,2,2026-05-01,4848.0,2565.7,3.5,3.5
CP13026,2026-05-01,1,2026-05-01,4848.0,0.0,3.5,3.5
CP13026,2025-09-01,5,2026-06-01,1488.0,3461.4,3.5,3.5
CP13026,2025-11-01,4,2026-06-01,1488.0,2714.6,3.5,3.5
CP13026,2026-01-01,3,2026-06-01,1488.0,4095.5,3.5,3.5
CP13026,2026-06-01,1,2026-06-01,1488.0,3771.0,3.5,3.5
CP13026,2025-10-01,5,2026-07-01,2736.0,3106.2,3.5,3.5
CP13026,2025-12-01,4,2026-07-01,2736.0,3730.7,3.5,3.5
CP13026,2026-02-01,3,2026-07-01,2736.0,2478.8,3.5,3.5
CP13026,2026-05-01,2,2026-07-01,2736.0,0.0,3.5,3.5
CP13026,2026-07-01,1,2026-07-01,2736.0,3479.0,3.5,3.5
CP13035,2025-09-01,1,2025-10-01,28272.0,22893.4,1.755,4.361
CP13035,2025-10-01,1,2025-11-01,10104.0,24162.5,3.1,4.361
CP13035,2025-09-01,2,2025-12-01,32040.0,21567.2,3.5,4.361
CP13035,2025-11-01,1,2025-12-01,32040.0,25655.2,3.5,4.361
CP13035,2025-10-01,2,2026-01-01,36168.0,25960.8,3.5,4.361
CP13035,2025-12-01,1,2026-01-01,36168.0,23743.4,3.5,4.361
CP13035,2025-09-01,3,2026-02-01,24840.0,24017.4,2.65,4.361
CP13035,2025-11-01,2,2026-02-01,24840.0,19866.0,2.65,4.361
CP13035,2026-01-01,1,2026-02-01,24840.0,25175.2,2.65,4.361
CP13035,2025-10-01,3,2026-03-01,44880.0,25892.2,2.667,4.361
CP13035,2025-12-01,2,2026-03-01,44880.0,22758.6,2.667,4.361
CP13035,2026-02-01,1,2026-03-01,44880.0,24527.2,2.667,4.361
CP13035,2025-09-01,4,2026-04-01,53568.0,22110.8,2.667,4.361
CP13035,2025-11-01,3,2026-04-01,53568.0,21232.2,2.667,4.361
CP13035,2026-01-01,2,2026-04-01,53568.0,25056.8,2.667,4.361
CP13035,2026-03-01,1,2026-04-01,53568.0,25142.2,2.667,4.361
CP13035,2025-10-01,4,2026-05-01,67512.0,24181.8,3.5,4.361
CP13035,2025-12-01,3,2026-05-01,67512.0,22465.3,3.5,4.361
CP13035,2026-02-01,2,2026-05-01,67512.0,24227.7,3.5,4.361
CP13035,2026-04-01,1,2026-05-01,67512.0,28804.0,3.5,4.361
CP13035,2026-05-01,1,2026-05-01,67512.0,0.0,3.5,4.361
CP13035,2025-09-01,5,2026-06-01,44744.0,23070.4,5.763,4.361
CP13035,2025-11-01,4,2026-06-01,44744.0,20562.8,5.763,4.361
CP13035,2026-01-01,3,2026-06-01,44744.0,25672.2,5.763,4.361
CP13035,2026-03-01,2,2026-06-01,44744.0,28524.9,5.763,4.361
CP13035,2026-05-01,1,2026-06-01,44744.0,36870.6,5.763,4.361
CP13035,2026-06-01,1,2026-06-01,44744.0,42595.0,5.763,4.361
CP13035,2025-10-01,5,2026-07-01,71057.0,24342.7,5.217,4.361
CP13035,2025-12-01,4,2026-07-01,71057.0,23028.3,5.217,4.361
CP13035,2026-02-01,3,2026-07-01,71057.0,24337.0,5.217,4.361
CP13035,2026-04-01,2,2026-07-01,71057.0,30860.0,5.217,4.361
CP13035,2026-05-01,2,2026-07-01,71057.0,0.0,5.217,4.361
CP13035,2026-07-01,1,2026-07-01,71057.0,40333.0,5.217,4.361
CP13054,2025-09-01,1,2025-10-01,17576.0,17695.6,10.5,11.953
CP13054,2025-10-01,1,2025-11-01,12860.0,17167.4,12.245,11.953
CP13054,2025-09-01,2,2025-12-01,12524.0,17784.5,12.245,11.953
CP13054,2025-11-01,1,2025-12-01,12524.0,16887.2,12.245,11.953
CP13054,2025-10-01,2,2026-01-01,30960.0,16074.5,11.948,11.953
CP13054,2025-12-01,1,2026-01-01,30960.0,14781.6,11.948,11.953
CP13054,2025-09-01,3,2026-02-01,22106.0,18433.1,11.906,11.953
CP13054,2025-11-01,2,2026-02-01,22106.0,16670.5,11.906,11.953
CP13054,2026-01-01,1,2026-02-01,22106.0,18206.2,11.906,11.953
CP13054,2025-10-01,3,2026-03-01,40336.0,16153.0,11.81,11.953
CP13054,2025-12-01,2,2026-03-01,40336.0,15098.4,11.81,11.953
CP13054,2026-02-01,1,2026-03-01,40336.0,18365.8,11.81,11.953
CP13054,2025-09-01,4,2026-04-01,24050.0,17238.8,12.193,11.953
CP13054,2025-11-01,3,2026-04-01,24050.0,15939.8,12.193,11.953
CP13054,2026-01-01,2,2026-04-01,24050.0,17474.3,12.193,11.953
CP13054,2026-03-01,1,2026-04-01,24050.0,22388.0,12.193,11.953
CP13054,2025-10-01,4,2026-05-01,46105.0,16632.2,12.402,11.953
CP13054,2025-12-01,3,2026-05-01,46105.0,13718.3,12.402,11.953
CP13054,2026-02-01,2,2026-05-01,46105.0,17449.6,12.402,11.953
CP13054,2026-04-01,1,2026-05-01,46105.0,23071.7,12.402,11.953
CP13054,2025-09-01,5,2026-06-01,601.0,17425.6,12.245,11.953
CP13054,2025-11-01,4,2026-06-01,601.0,15253.4,12.245,11.953
CP13054,2026-01-01,3,2026-06-01,601.0,18328.3,12.245,11.953
CP13054,2026-03-01,2,2026-06-01,601.0,21952.9,12.245,11.953
CP13054,2026-05-01,1,2026-06-01,601.0,30398.6,12.245,11.953
CP13054,2026-06-01,1,2026-06-01,601.0,30879.0,12.245,11.953
CP13054,2025-10-01,5,2026-07-01,104.0,15623.7,10.5,11.953
CP13054,2025-12-01,4,2026-07-01,104.0,14068.9,10.5,11.953
CP13054,2026-02-01,3,2026-07-01,104.0,17921.4,10.5,11.953
CP13054,2026-04-01,2,2026-07-01,104.0,25911.8,10.5,11.953
CP13054,2026-07-01,1,2026-07-01,104.0,21270.0,10.5,11.953
CP13057,2025-09-01,1,2025-10-01,1248.0,846.9,10.14,10.14
CP13057,2025-10-01,1,2025-11-01,1368.0,1351.1,10.14,10.14
CP13057,2025-09-01,2,2025-12-01,2496.0,1015.4,10.14,10.14
CP13057,2025-11-01,1,2025-12-01,2496.0,1527.0,10.14,10.14
CP13057,2025-10-01,2,2026-01-01,1020.0,1461.1,10.14,10.14
CP13057,2025-12-01,1,2026-01-01,1020.0,2257.8,10.14,10.14
CP13057,2025-09-01,3,2026-02-01,936.0,838.4,10.14,10.14
CP13057,2025-11-01,2,2026-02-01,936.0,1785.4,10.14,10.14
CP13057,2026-01-01,1,2026-02-01,936.0,1613.2,10.14,10.14
CP13057,2025-10-01,3,2026-03-01,1548.0,1703.8,10.14,10.14
CP13057,2025-12-01,2,2026-03-01,1548.0,2338.4,10.14,10.14
CP13057,2026-02-01,1,2026-03-01,1548.0,1076.5,10.14,10.14
CP13057,2025-09-01,4,2026-04-01,900.0,816.1,10.14,10.14
CP13057,2025-11-01,3,2026-04-01,900.0,1793.3,10.14,10.14
CP13057,2026-01-01,2,2026-04-01,900.0,1821.8,10.14,10.14
CP13057,2025-10-01,4,2026-05-01,1488.0,1776.0,10.14,10.14
CP13057,2025-12-01,3,2026-05-01,1488.0,2449.9,10.14,10.14
CP13057,2026-02-01,2,2026-05-01,1488.0,989.3,10.14,10.14
CP13057,2026-05-01,1,2026-05-01,1488.0,0.0,10.14,10.14
CP13057,2025-09-01,5,2026-06-01,1716.0,781.0,10.14,10.14
CP13057,2025-11-01,4,2026-06-01,1716.0,1692.2,10.14,10.14
CP13057,2026-01-01,3,2026-06-01,1716.0,1782.5,10.14,10.14
CP13057,2026-06-01,1,2026-06-01,1716.0,1926.0,10.14,10.14
CP13057,2025-10-01,5,2026-07-01,624.0,1941.9,10.14,10.14
CP13057,2025-12-01,4,2026-07-01,624.0,2453.2,10.14,10.14
CP13057,2026-02-01,3,2026-07-01,624.0,957.4,10.14,10.14
CP13057,2026-05-01,2,2026-07-01,624.0,0.0,10.14,10.14
CP13057,2026-07-01,1,2026-07-01,624.0,1462.0,10.14,10.14
CP13163,2025-09-01,1,2025-10-01,24.0,142.3,3.5,3.5
CP13163,2025-10-01,1,2025-11-01,72.0,108.1,3.5,3.5
CP13163,2025-09-01,2,2025-12-01,96.0,143.1,3.5,3.5
CP13163,2025-11-01,1,2025-12-01,96.0,148.4,3.5,3.5
CP13163,2025-10-01,2,2026-01-01,48.0,136.3,3.5,3.5
CP13163,2025-12-01,1,2026-01-01,48.0,152.5,3.5,3.5
CP13163,2025-09-01,3,2026-02-01,72.0,145.8,3.5,3.5
CP13163,2025-11-01,2,2026-02-01,72.0,240.7,3.5,3.5
CP13163,2026-01-01,1,2026-02-01,72.0,156.4,3.5,3.5
CP13163,2025-10-01,3,2026-03-01,0.0,194.0,,3.5
CP13163,2025-12-01,2,2026-03-01,0.0,198.8,,3.5
CP13163,2026-02-01,1,2026-03-01,0.0,146.5,,3.5
CP13163,2025-09-01,4,2026-04-01,0.0,167.7,,3.5
CP13163,2025-11-01,3,2026-04-01,0.0,298.5,,3.5
CP13163,2026-01-01,2,2026-04-01,0.0,192.2,,3.5
CP13163,2026-03-01,1,2026-04-01,0.0,150.1,,3.5
CP13163,2025-10-01,4,2026-05-01,0.0,192.8,,3.5
CP13163,2025-12-01,3,2026-05-01,0.0,212.3,,3.5
CP13163,2026-02-01,2,2026-05-01,0.0,168.1,,3.5
CP13163,2026-04-01,1,2026-05-01,0.0,107.6,,3.5
CP13163,2025-09-01,5,2026-06-01,0.0,147.1,,3.5
CP13163,2025-11-01,4,2026-06-01,0.0,283.4,,3.5
CP13163,2026-01-01,3,2026-06-01,0.0,218.1,,3.5
CP13163,2026-03-01,2,2026-06-01,0.0,194.0,,3.5
CP13163,2026-05-01,1,2026-06-01,0.0,152.4,,3.5
CP13163,2026-06-01,1,2026-06-01,0.0,210.0,,3.5
CP13163,2025-10-01,5,2026-07-01,24.0,206.3,3.5,3.5
CP13163,2025-12-01,4,2026-07-01,24.0,233.3,3.5,3.5
CP13163,2026-02-01,3,2026-07-01,24.0,173.6,3.5,3.5
CP13163,2026-04-01,2,2026-07-01,24.0,166.4,3.5,3.5
CP13175,2025-09-01,1,2025-10-01,936.0,4081.3,3.5,3.154
CP13175,2025-10-01,1,2025-11-01,2640.0,2960.2,3.5,3.154
CP13175,2025-09-01,2,2025-12-01,1056.0,4217.9,2.975,3.154
CP13175,2025-11-01,1,2025-12-01,1056.0,2766.2,2.975,3.154
CP13175,2025-10-01,2,2026-01-01,144.0,3346.9,3.5,3.154
CP13175,2025-12-01,1,2026-01-01,144.0,1858.3,3.5,3.154
CP13175,2025-09-01,3,2026-02-01,1416.0,4352.2,2.975,3.154
CP13175,2025-11-01,2,2026-02-01,1416.0,2948.4,2.975,3.154
CP13175,2026-01-01,1,2026-02-01,1416.0,2385.3,2.975,3.154
CP13175,2025-10-01,3,2026-03-01,1224.0,3493.4,2.975,3.154
CP13175,2025-12-01,2,2026-03-01,1224.0,1963.5,2.975,3.154
CP13175,2026-02-01,1,2026-03-01,1224.0,1056.3,2.975,3.154
CP13175,2025-09-01,4,2026-04-01,696.0,4264.4,2.975,3.154
CP13175,2025-11-01,3,2026-04-01,696.0,3162.9,2.975,3.154
CP13175,2026-01-01,2,2026-04-01,696.0,2595.2,2.975,3.154
CP13175,2026-03-01,1,2026-04-01,696.0,936.6,2.975,3.154
CP13175,2025-10-01,4,2026-05-01,1248.0,3528.9,2.975,3.154
CP13175,2025-12-01,3,2026-05-01,1248.0,2088.2,2.975,3.154
CP13175,2026-02-01,2,2026-05-01,1248.0,1029.0,2.975,3.154
CP13175,2026-04-01,1,2026-05-01,1248.0,859.6,2.975,3.154
CP13175,2026-05-01,1,2026-05-01,1248.0,0.0,2.975,3.154
CP13175,2025-09-01,5,2026-06-01,5376.0,4595.4,2.975,3.154
CP13175,2025-11-01,4,2026-06-01,5376.0,3634.9,2.975,3.154
CP13175,2026-01-01,3,2026-06-01,5376.0,2804.6,2.975,3.154
CP13175,2026-03-01,2,2026-06-01,5376.0,948.6,2.975,3.154
CP13175,2026-05-01,1,2026-06-01,5376.0,963.7,2.975,3.154
CP13175,2026-06-01,1,2026-06-01,5376.0,4627.0,2.975,3.154
CP13175,2025-10-01,5,2026-07-01,3407.0,3611.9,3.192,3.154
CP13175,2025-12-01,4,2026-07-01,3407.0,2348.9,3.192,3.154
CP13175,2026-02-01,3,2026-07-01,3407.0,1330.0,3.192,3.154
CP13175,2026-04-01,2,2026-07-01,3407.0,943.0,3.192,3.154
CP13175,2026-05-01,2,2026-07-01,3407.0,0.0,3.192,3.154
CP13175,2026-07-01,1,2026-07-01,3407.0,1983.0,3.192,3.154
CP13274,2025-09-01,1,2025-10-01,96.0,700.9,6.5,6.205
CP13274,2025-10-01,1,2025-11-01,2076.0,638.7,6.5,6.205
CP13274,2025-09-01,2,2025-12-01,1836.0,672.8,6.5,6.205
CP13274,2025-11-01,1,2025-12-01,1836.0,1033.5,6.5,6.205
CP13274,2025-10-01,2,2026-01-01,1020.0,693.6,6.5,6.205
CP13274,2025-12-01,1,2026-01-01,1020.0,1415.6,6.5,6.205
CP13274,2025-09-01,3,2026-02-01,756.0,762.9,6.5,6.205
CP13274,2025-11-01,2,2026-02-01,756.0,935.4,6.5,6.205
CP13274,2026-01-01,1,2026-02-01,756.0,1061.2,6.5,6.205
CP13274,2025-10-01,3,2026-03-01,3804.0,805.7,6.5,6.205
CP13274,2025-12-01,2,2026-03-01,3804.0,1363.4,6.5,6.205
CP13274,2026-02-01,1,2026-03-01,3804.0,999.0,6.5,6.205
CP13274,2025-09-01,4,2026-04-01,1596.0,734.8,6.5,6.205
CP13274,2025-11-01,3,2026-04-01,1596.0,889.3,6.5,6.205
CP13274,2026-01-01,2,2026-04-01,1596.0,1054.6,6.5,6.205
CP13274,2026-03-01,1,2026-04-01,1596.0,1679.2,6.5,6.205
CP13274,2025-10-01,4,2026-05-01,600.0,870.7,6.5,6.205
CP13274,2025-12-01,3,2026-05-01,600.0,1388.2,6.5,6.205
CP13274,2026-02-01,2,2026-05-01,600.0,1030.3,6.5,6.205
CP13274,2026-04-01,1,2026-05-01,600.0,1853.0,6.5,6.205
CP13274,2025-09-01,5,2026-06-01,336.0,708.8,6.5,6.205
CP13274,2025-11-01,4,2026-06-01,336.0,964.9,6.5,6.205
CP13274,2026-01-01,3,2026-06-01,336.0,1040.6,6.5,6.205
CP13274,2026-03-01,2,2026-06-01,336.0,1775.9,6.5,6.205
CP13274,2026-05-01,1,2026-06-01,336.0,1583.3,6.5,6.205
CP13274,2026-06-01,1,2026-06-01,336.0,1630.0,6.5,6.205
CP13274,2025-10-01,5,2026-07-01,312.0,896.7,6.5,6.205
CP13274,2025-12-01,4,2026-07-01,312.0,1387.6,6.5,6.205
CP13274,2026-02-01,3,2026-07-01,312.0,1070.8,6.5,6.205
CP13274,2026-04-01,2,2026-07-01,312.0,2077.2,6.5,6.205
CP13274,2026-07-01,1,2026-07-01,312.0,1198.0,6.5,6.205
KT10169,2025-09-01,1,2025-10-01,12194.0,12472.4,8.698,9.357
KT10169,2025-10-01,1,2025-11-01,16097.0,13829.6,8.603,9.357
KT10169,2025-09-01,2,2025-12-01,12634.0,13206.0,8.397,9.357
KT10169,2025-11-01,1,2025-12-01,12634.0,12971.0,8.397,9.357
KT10169,2025-10-01,2,2026-01-01,12352.0,12481.8,8.135,9.357
KT10169,2025-12-01,1,2026-01-01,12352.0,14115.9,8.135,9.357
KT10169,2025-09-01,3,2026-02-01,12097.0,11950.0,7.854,9.357
KT10169,2025-11-01,2,2026-02-01,12097.0,13970.7,7.854,9.357
KT10169,2026-01-01,1,2026-02-01,12097.0,13671.1,7.854,9.357
KT10169,2025-10-01,3,2026-03-01,10596.0,13204.7,8.661,9.357
KT10169,2025-12-01,2,2026-03-01,10596.0,14304.8,8.661,9.357
KT10169,2026-02-01,1,2026-03-01,10596.0,12587.5,8.661,9.357
KT10169,2025-09-01,4,2026-04-01,12606.0,12370.8,7.937,9.357
KT10169,2025-11-01,3,2026-04-01,12606.0,14526.0,7.937,9.357
KT10169,2026-01-01,2,2026-04-01,12606.0,14070.2,7.937,9.357
KT10169,2026-03-01,1,2026-04-01,12606.0,12604.4,7.937,9.357
KT10169,2025-10-01,4,2026-05-01,10873.0,14063.8,8.717,9.357
KT10169,2025-12-01,3,2026-05-01,10873.0,14435.4,8.717,9.357
KT10169,2026-02-01,2,2026-05-01,10873.0,12695.4,8.717,9.357
KT10169,2026-04-01,1,2026-05-01,10873.0,12541.7,8.717,9.357
KT10169,2026-05-01,1,2026-05-01,10873.0,0.0,8.717,9.357
KT10169,2025-09-01,5,2026-06-01,9689.0,12958.5,8.645,9.357
KT10169,2025-11-01,4,2026-06-01,9689.0,13963.4,8.645,9.357
KT10169,2026-01-01,3,2026-06-01,9689.0,14359.8,8.645,9.357
KT10169,2026-03-01,2,2026-06-01,9689.0,12262.9,8.645,9.357
KT10169,2026-05-01,1,2026-06-01,9689.0,12266.8,8.645,9.357
KT10169,2026-06-01,1,2026-06-01,9689.0,13166.0,8.645,9.357
KT10169,2025-10-01,5,2026-07-01,13911.0,13659.0,7.376,9.357
KT10169,2025-12-01,4,2026-07-01,13911.0,14284.9,7.376,9.357
KT10169,2026-02-01,3,2026-07-01,13911.0,12672.2,7.376,9.357
KT10169,2026-04-01,2,2026-07-01,13911.0,12736.6,7.376,9.357
KT10169,2026-05-01,2,2026-07-01,13911.0,0.0,7.376,9.357
KT10169,2026-07-01,1,2026-07-01,13911.0,15178.0,7.376,9.357
KT13008,2025-09-01,1,2025-10-01,94.0,63.3,5.086,5.119
KT13008,2025-10-01,1,2025-11-01,277.0,82.2,5.159,5.119
KT13008,2025-09-01,2,2025-12-01,240.0,68.5,4.619,5.119
KT13008,2025-11-01,1,2025-12-01,240.0,153.3,4.619,5.119
KT13008,2025-10-01,2,2026-01-01,70.0,81.2,5.369,5.119
KT13008,2025-12-01,1,2026-01-01,70.0,219.4,5.369,5.119
KT13008,2025-09-01,3,2026-02-01,86.0,64.3,5.822,5.119
KT13008,2025-11-01,2,2026-02-01,86.0,153.8,5.822,5.119
KT13008,2026-01-01,1,2026-02-01,86.0,136.0,5.822,5.119
KT13008,2025-10-01,3,2026-03-01,84.0,80.8,5.299,5.119
KT13008,2025-12-01,2,2026-03-01,84.0,214.8,5.299,5.119
KT13008,2026-02-01,1,2026-03-01,84.0,122.9,5.299,5.119
KT13008,2025-09-01,4,2026-04-01,87.0,56.5,4.856,5.119
KT13008,2025-11-01,3,2026-04-01,87.0,145.7,4.856,5.119
KT13008,2026-01-01,2,2026-04-01,87.0,144.9,4.856,5.119
KT13008,2026-03-01,1,2026-04-01,87.0,105.6,4.856,5.119
KT13008,2025-10-01,4,2026-05-01,257.0,68.2,4.213,5.119
KT13008,2025-12-01,3,2026-05-01,257.0,222.1,4.213,5.119
KT13008,2026-02-01,2,2026-05-01,257.0,123.4,4.213,5.119
KT13008,2026-04-01,1,2026-05-01,257.0,104.6,4.213,5.119
KT13008,2025-09-01,5,2026-06-01,197.0,54.8,5.133,5.119
KT13008,2025-11-01,4,2026-06-01,197.0,147.3,5.133,5.119
KT13008,2026-01-01,3,2026-06-01,197.0,147.1,5.133,5.119
KT13008,2026-03-01,2,2026-06-01,197.0,107.0,5.133,5.119
KT13008,2026-05-01,1,2026-06-01,197.0,163.1,5.133,5.119
KT13008,2026-06-01,1,2026-06-01,197.0,161.0,5.133,5.119
KT13008,2025-10-01,5,2026-07-01,295.0,66.0,5.717,5.119
KT13008,2025-12-01,4,2026-07-01,295.0,229.0,5.717,5.119
KT13008,2026-02-01,3,2026-07-01,295.0,125.4,5.717,5.119
KT13008,2026-04-01,2,2026-07-01,295.0,110.3,5.717,5.119
KT13008,2026-07-01,1,2026-07-01,295.0,181.0,5.717,5.119
KT13019,2025-09-01,1,2025-10-01,32.0,1.0,6.107,5.996
KT13019,2025-10-01,1,2025-11-01,227.0,73.5,5.926,5.996
KT13019,2025-09-01,2,2025-12-01,240.0,26.5,5.651,5.996
KT13019,2025-11-01,1,2025-12-01,240.0,173.0,5.651,5.996
KT13019,2025-10-01,2,2026-01-01,103.0,67.3,6.365,5.996
KT13019,2025-12-01,1,2026-01-01,103.0,217.4,6.365,5.996
KT13019,2025-09-01,3,2026-02-01,115.0,46.0,6.058,5.996
KT13019,2025-11-01,2,2026-02-01,115.0,210.2,6.058,5.996
KT13019,2026-01-01,1,2026-02-01,115.0,176.1,6.058,5.996
KT13019,2025-10-01,3,2026-03-01,145.0,81.4,6.622,5.996
KT13019,2025-12-01,2,2026-03-01,145.0,187.8,6.622,5.996
KT13019,2026-02-01,1,2026-03-01,145.0,98.7,6.622,5.996
KT13019,2025-09-01,4,2026-04-01,119.0,30.6,5.716,5.996
KT13019,2025-11-01,3,2026-04-01,119.0,209.3,5.716,5.996
KT13019,2026-01-01,2,2026-04-01,119.0,158.3,5.716,5.996
KT13019,2025-10-01,4,2026-05-01,76.0,94.0,6.258,5.996
KT13019,2025-12-01,3,2026-05-01,76.0,188.9,6.258,5.996
KT13019,2026-02-01,2,2026-05-01,76.0,87.0,6.258,5.996
KT13019,2026-05-01,1,2026-05-01,76.0,0.0,6.258,5.996
KT13019,2025-09-01,5,2026-06-01,131.0,41.2,5.819,5.996
KT13019,2025-11-01,4,2026-06-01,131.0,207.7,5.819,5.996
KT13019,2026-01-01,3,2026-06-01,131.0,199.8,5.819,5.996
KT13019,2026-06-01,1,2026-06-01,131.0,200.0,5.819,5.996
KT13019,2025-10-01,5,2026-07-01,193.0,90.8,5.731,5.996
KT13019,2025-12-01,4,2026-07-01,193.0,215.6,5.731,5.996
KT13019,2026-02-01,3,2026-07-01,193.0,94.2,5.731,5.996
KT13019,2026-05-01,2,2026-07-01,193.0,0.0,5.731,5.996
KT13019,2026-07-01,1,2026-07-01,193.0,200.0,5.731,5.996
KT13171,2025-09-01,1,2025-10-01,70.0,42.6,4.848,5.75
KT13171,2025-10-01,1,2025-11-01,139.0,56.5,5.791,5.75
KT13171,2025-09-01,2,2025-12-01,154.0,42.8,6.012,5.75
KT13171,2025-11-01,1,2025-12-01,154.0,95.6,6.012,5.75
KT13171,2025-10-01,2,2026-01-01,54.0,56.5,6.239,5.75
KT13171,2025-12-01,1,2026-01-01,54.0,128.0,6.239,5.75
KT13171,2025-09-01,3,2026-02-01,45.0,36.9,5.978,5.75
KT13171,2025-11-01,2,2026-02-01,45.0,88.9,5.978,5.75
KT13171,2026-01-01,1,2026-02-01,45.0,89.0,5.978,5.75
KT13171,2025-10-01,3,2026-03-01,41.0,49.9,5.837,5.75
KT13171,2025-12-01,2,2026-03-01,41.0,130.5,5.837,5.75
KT13171,2026-02-01,1,2026-03-01,41.0,66.1,5.837,5.75
KT13171,2025-09-01,4,2026-04-01,35.0,38.5,5.473,5.75
KT13171,2025-11-01,3,2026-04-01,35.0,79.9,5.473,5.75
KT13171,2026-01-01,2,2026-04-01,35.0,93.5,5.473,5.75
KT13171,2026-03-01,1,2026-04-01,35.0,60.2,5.473,5.75
KT13171,2025-10-01,4,2026-05-01,57.0,54.5,5.015,5.75
KT13171,2025-12-01,3,2026-05-01,57.0,133.3,5.015,5.75
KT13171,2026-02-01,2,2026-05-01,57.0,67.2,5.015,5.75
KT13171,2026-04-01,1,2026-05-01,57.0,58.4,5.015,5.75
KT13171,2025-09-01,5,2026-06-01,34.0,40.7,5.604,5.75
KT13171,2025-11-01,4,2026-06-01,34.0,72.6,5.604,5.75
KT13171,2026-01-01,3,2026-06-01,34.0,95.9,5.604,5.75
KT13171,2026-03-01,2,2026-06-01,34.0,62.2,5.604,5.75
KT13171,2026-05-01,1,2026-06-01,34.0,67.0,5.604,5.75
KT13171,2026-06-01,1,2026-06-01,34.0,67.0,5.604,5.75
KT13171,2025-10-01,5,2026-07-01,19.0,54.7,5.52,5.75
KT13171,2025-12-01,4,2026-07-01,19.0,133.2,5.52,5.75
KT13171,2026-02-01,3,2026-07-01,19.0,67.6,5.52,5.75
KT13171,2026-04-01,2,2026-07-01,19.0,62.9,5.52,5.75
KT13171,2026-07-01,1,2026-07-01,19.0,70.0,5.52,5.75
KT9702,2025-09-01,1,2025-10-01,155.0,247.1,6.729,7.076
KT9702,2025-10-01,1,2025-11-01,281.0,188.3,7.154,7.076
KT9702,2025-09-01,2,2025-12-01,5723.0,254.8,6.029,7.076
KT9702,2025-11-01,1,2025-12-01,5723.0,179.1,6.029,7.076
KT9702,2025-10-01,2,2026-01-01,200.0,170.7,8.967,7.076
KT9702,2025-12-01,1,2026-01-01,200.0,3232.8,8.967,7.076
KT9702,2025-09-01,3,2026-02-01,157.0,216.7,9.026,7.076
KT9702,2025-11-01,2,2026-02-01,157.0,182.8,9.026,7.076
KT9702,2026-01-01,1,2026-02-01,157.0,2588.8,9.026,7.076
KT9702,2025-10-01,3,2026-03-01,291.0,181.8,8.277,7.076
KT9702,2025-12-01,2,2026-03-01,291.0,3272.3,8.277,7.076
KT9702,2026-02-01,1,2026-03-01,291.0,1605.2,8.277,7.076
KT9702,2025-09-01,4,2026-04-01,218.0,212.5,7.498,7.076
KT9702,2025-11-01,3,2026-04-01,218.0,168.3,7.498,7.076
KT9702,2026-01-01,2,2026-04-01,218.0,2568.3,7.498,7.076
KT9702,2026-03-01,1,2026-04-01,218.0,231.0,7.498,7.076
KT9702,2025-10-01,4,2026-05-01,194.0,173.1,8.178,7.076
KT9702,2025-12-01,3,2026-05-01,194.0,3233.4,8.178,7.076
KT9702,2026-02-01,2,2026-05-01,194.0,1611.3,8.178,7.076
KT9702,2026-04-01,1,2026-05-01,194.0,229.1,8.178,7.076
KT9702,2025-09-01,5,2026-06-01,268.0,202.1,7.715,7.076
KT9702,2025-11-01,4,2026-06-01,268.0,169.6,7.715,7.076
KT9702,2026-01-01,3,2026-06-01,268.0,2489.5,7.715,7.076
KT9702,2026-03-01,2,2026-06-01,268.0,227.9,7.715,7.076
KT9702,2026-05-01,1,2026-06-01,268.0,219.6,7.715,7.076
KT9702,2026-06-01,1,2026-06-01,268.0,211.0,7.715,7.076
KT9702,2025-10-01,5,2026-07-01,235.0,170.5,6.432,7.076
KT9702,2025-12-01,4,2026-07-01,235.0,3282.7,6.432,7.076
KT9702,2026-02-01,3,2026-07-01,235.0,1616.4,6.432,7.076
KT9702,2026-04-01,2,2026-07-01,235.0,229.7,6.432,7.076
KT9702,2026-07-01,1,2026-07-01,235.0,250.0,6.432,7.076
LV-004-CB,2025-09-01,1,2025-10-01,2895.0,2901.2,7.584,7.527
LV-004-CB,2025-10-01,1,2025-11-01,3168.0,2500.3,7.92,7.527
LV-004-CB,2025-09-01,2,2025-12-01,3437.0,2358.3,9.05,7.527
LV-004-CB,2025-11-01,1,2025-12-01,3437.0,2673.6,9.05,7.527
LV-004-CB,2025-10-01,2,2026-01-01,1007.0,2692.0,8.747,7.527
LV-004-CB,2025-12-01,1,2026-01-01,1007.0,3458.2,8.747,7.527
LV-004-CB,2025-09-01,3,2026-02-01,4442.0,2449.7,8.131,7.527
LV-004-CB,2025-11-01,2,2026-02-01,4442.0,2628.6,8.131,7.527
LV-004-CB,2026-01-01,1,2026-02-01,4442.0,2984.2,8.131,7.527
LV-004-CB,2025-10-01,3,2026-03-01,2812.0,2629.8,7.003,7.527
LV-004-CB,2025-12-01,2,2026-03-01,2812.0,3538.2,7.003,7.527
LV-004-CB,2026-02-01,1,2026-03-01,2812.0,3175.3,7.003,7.527
LV-004-CB,2025-09-01,4,2026-04-01,3083.0,2414.8,8.123,7.527
LV-004-CB,2025-11-01,3,2026-04-01,3083.0,2763.9,8.123,7.527
LV-004-CB,2026-01-01,2,2026-04-01,3083.0,3058.3,8.123,7.527
LV-004-CB,2026-03-01,1,2026-04-01,3083.0,2966.4,8.123,7.527
LV-004-CB,2025-10-01,4,2026-05-01,2926.0,2789.3,7.483,7.527
LV-004-CB,2025-12-01,3,2026-05-01,2926.0,3531.7,7.483,7.527
LV-004-CB,2026-02-01,2,2026-05-01,2926.0,3220.8,7.483,7.527
LV-004-CB,2026-04-01,1,2026-05-01,2926.0,2967.1,7.483,7.527
LV-004-CB,2026-05-01,1,2026-05-01,2926.0,0.0,7.483,7.527
LV-004-CB,2025-09-01,5,2026-06-01,3278.0,2631.9,8.149,7.527
LV-004-CB,2025-11-01,4,2026-06-01,3278.0,3127.4,8.149,7.527
LV-004-CB,2026-01-01,3,2026-06-01,3278.0,3038.8,8.149,7.527
LV-004-CB,2026-03-01,2,2026-06-01,3278.0,2951.9,8.149,7.527
LV-004-CB,2026-05-01,1,2026-06-01,3278.0,2818.9,8.149,7.527
LV-004-CB,2026-06-01,1,2026-06-01,3278.0,2870.0,8.149,7.527
LV-004-CB,2025-10-01,5,2026-07-01,4174.0,2950.8,7.281,7.527
LV-004-CB,2025-12-01,4,2026-07-01,4174.0,3500.7,7.281,7.527
LV-004-CB,2026-02-01,3,2026-07-01,4174.0,3185.4,7.281,7.527
LV-004-CB,2026-04-01,2,2026-07-01,4174.0,2926.9,7.281,7.527
LV-004-CB,2026-05-01,2,2026-07-01,4174.0,0.0,7.281,7.527
LV-004-CB,2026-07-01,1,2026-07-01,4174.0,3745.0,7.281,7.527
LV-004-CB-AMZ,2025-09-01,1,2025-10-01,996.0,4525.8,7.88,7.884
LV-004-CB-AMZ,2025-10-01,1,2025-11-01,2112.0,3624.9,7.88,7.884
LV-004-CB-AMZ,2025-09-01,2,2025-12-01,16644.0,5356.0,7.88,7.884
LV-004-CB-AMZ,2025-11-01,1,2025-12-01,16644.0,2483.2,7.88,7.884
LV-004-CB-AMZ,2025-10-01,2,2026-01-01,14040.0,3796.2,7.88,7.884
LV-004-CB-AMZ,2025-12-01,1,2026-01-01,14040.0,7113.2,7.88,7.884
LV-004-CB-AMZ,2025-09-01,3,2026-02-01,3444.0,6142.2,7.88,7.884
LV-004-CB-AMZ,2025-11-01,2,2026-02-01,3444.0,2685.8,7.88,7.884
LV-004-CB-AMZ,2026-01-01,1,2026-02-01,3444.0,8550.3,7.88,7.884
LV-004-CB-AMZ,2025-10-01,3,2026-03-01,660.0,4312.6,7.88,7.884
LV-004-CB-AMZ,2025-12-01,2,2026-03-01,660.0,7256.9,7.88,7.884
LV-004-CB-AMZ,2026-02-01,1,2026-03-01,660.0,6365.2,7.88,7.884
LV-004-CB-AMZ,2025-09-01,4,2026-04-01,9708.0,5496.2,7.88,7.884
LV-004-CB-AMZ,2025-11-01,3,2026-04-01,9708.0,2647.5,7.88,7.884
LV-004-CB-AMZ,2026-01-01,2,2026-04-01,9708.0,10875.6,7.88,7.884
LV-004-CB-AMZ,2026-03-01,1,2026-04-01,9708.0,7217.0,7.88,7.884
LV-004-CB-AMZ,2025-10-01,4,2026-05-01,7416.0,3661.6,7.88,7.884
LV-004-CB-AMZ,2025-12-01,3,2026-05-01,7416.0,6767.2,7.88,7.884
LV-004-CB-AMZ,2026-02-01,2,2026-05-01,7416.0,8023.6,7.88,7.884
LV-004-CB-AMZ,2026-04-01,1,2026-05-01,7416.0,6404.5,7.88,7.884
LV-004-CB-AMZ,2025-09-01,5,2026-06-01,60.0,5610.2,7.88,7.884
LV-004-CB-AMZ,2025-11-01,4,2026-06-01,60.0,2526.0,7.88,7.884
LV-004-CB-AMZ,2026-01-01,3,2026-06-01,60.0,9941.2,7.88,7.884
LV-004-CB-AMZ,2026-03-01,2,2026-06-01,60.0,6190.5,7.88,7.884
LV-004-CB-AMZ,2026-05-01,1,2026-06-01,60.0,7519.5,7.88,7.884
LV-004-CB-AMZ,2026-06-01,1,2026-06-01,60.0,7311.0,7.88,7.884
LV-004-CB-AMZ,2025-10-01,5,2026-07-01,35424.0,3401.5,7.88,7.884
LV-004-CB-AMZ,2025-12-01,4,2026-07-01,35424.0,8542.3,7.88,7.884
LV-004-CB-AMZ,2026-02-01,3,2026-07-01,35424.0,7869.4,7.88,7.884
LV-004-CB-AMZ,2026-04-01,2,2026-07-01,35424.0,6655.2,7.88,7.884
LV-004-CB-AMZ,2026-07-01,1,2026-07-01,35424.0,5553.0,7.88,7.884
LV-008-CB,2025-09-01,1,2025-10-01,1947.0,455.6,12.638,15.396
LV-008-CB,2025-10-01,1,2025-11-01,1068.0,645.1,11.825,15.396
LV-008-CB,2025-09-01,2,2025-12-01,45.0,538.0,16.801,15.396
LV-008-CB,2025-11-01,1,2025-12-01,45.0,849.5,16.801,15.396
LV-008-CB,2025-10-01,2,2026-01-01,195.0,617.9,12.768,15.396
LV-008-CB,2025-12-01,1,2026-01-01,195.0,1026.7,12.768,15.396
LV-008-CB,2025-09-01,3,2026-02-01,1410.0,512.8,11.271,15.396
LV-008-CB,2025-11-01,2,2026-02-01,1410.0,794.7,11.271,15.396
LV-008-CB,2026-01-01,1,2026-02-01,1410.0,1030.7,11.271,15.396
LV-008-CB,2025-10-01,3,2026-03-01,815.0,581.7,11.8,15.396
LV-008-CB,2025-12-01,2,2026-03-01,815.0,868.4,11.8,15.396
LV-008-CB,2026-02-01,1,2026-03-01,815.0,660.9,11.8,15.396
LV-008-CB,2025-09-01,4,2026-04-01,565.0,502.4,11.977,15.396
LV-008-CB,2025-11-01,3,2026-04-01,565.0,883.9,11.977,15.396
LV-008-CB,2026-01-01,2,2026-04-01,565.0,933.0,11.977,15.396
LV-008-CB,2026-03-01,1,2026-04-01,565.0,813.8,11.977,15.396
LV-008-CB,2025-10-01,4,2026-05-01,1153.0,745.9,13.84,15.396
LV-008-CB,2025-12-01,3,2026-05-01,1153.0,832.0,13.84,15.396
LV-008-CB,2026-02-01,2,2026-05-01,1153.0,670.3,13.84,15.396
LV-008-CB,2026-04-01,1,2026-05-01,1153.0,626.0,13.84,15.396
LV-008-CB,2026-05-01,1,2026-05-01,1153.0,0.0,13.84,15.396
LV-008-CB,2025-09-01,5,2026-06-01,1304.0,525.3,11.805,15.396
LV-008-CB,2025-11-01,4,2026-06-01,1304.0,954.5,11.805,15.396
LV-008-CB,2026-01-01,3,2026-06-01,1304.0,891.0,11.805,15.396
LV-008-CB,2026-03-01,2,2026-06-01,1304.0,765.1,11.805,15.396
LV-008-CB,2026-05-01,1,2026-06-01,1304.0,831.5,11.805,15.396
LV-008-CB,2026-06-01,1,2026-06-01,1304.0,899.0,11.805,15.396
LV-008-CB,2025-10-01,5,2026-07-01,2655.0,803.6,10.649,15.396
LV-008-CB,2025-12-01,4,2026-07-01,2655.0,864.4,10.649,15.396
LV-008-CB,2026-02-01,3,2026-07-01,2655.0,649.0,10.649,15.396
LV-008-CB,2026-04-01,2,2026-07-01,2655.0,649.0,10.649,15.396
LV-008-CB,2026-05-01,2,2026-07-01,2655.0,0.0,10.649,15.396
LV-008-CB,2026-07-01,1,2026-07-01,2655.0,1027.0,10.649,15.396
LV-008-CB-AMZ,2025-09-01,1,2025-10-01,2958.0,1074.7,15.0,14.533
LV-008-CB-AMZ,2025-10-01,1,2025-11-01,4734.0,1595.2,15.0,14.533
LV-008-CB-AMZ,2025-09-01,2,2025-12-01,4668.0,1042.1,15.0,14.533
LV-008-CB-AMZ,2025-11-01,1,2025-12-01,4668.0,2767.5,15.0,14.533
LV-008-CB-AMZ,2025-10-01,2,2026-01-01,1896.0,1681.3,15.0,14.533
LV-008-CB-AMZ,2025-12-01,1,2026-01-01,1896.0,3643.0,15.0,14.533
LV-008-CB-AMZ,2025-09-01,3,2026-02-01,3342.0,1115.1,15.0,14.533
LV-008-CB-AMZ,2025-11-01,2,2026-02-01,3342.0,2760.1,15.0,14.533
LV-008-CB-AMZ,2026-01-01,1,2026-02-01,3342.0,2627.3,15.0,14.533
LV-008-CB-AMZ,2025-10-01,3,2026-03-01,5304.0,1541.6,15.0,14.533
LV-008-CB-AMZ,2025-12-01,2,2026-03-01,5304.0,3418.2,15.0,14.533
LV-008-CB-AMZ,2026-02-01,1,2026-03-01,5304.0,2982.3,15.0,14.533
LV-008-CB-AMZ,2025-09-01,4,2026-04-01,3210.0,1173.8,15.0,14.533
LV-008-CB-AMZ,2025-11-01,3,2026-04-01,3210.0,2273.1,15.0,14.533
LV-008-CB-AMZ,2026-01-01,2,2026-04-01,3210.0,2691.5,15.0,14.533
LV-008-CB-AMZ,2026-03-01,1,2026-04-01,3210.0,3815.2,15.0,14.533
LV-008-CB-AMZ,2025-10-01,4,2026-05-01,8316.0,1607.2,15.0,14.533
LV-008-CB-AMZ,2025-12-01,3,2026-05-01,8316.0,3616.7,15.0,14.533
LV-008-CB-AMZ,2026-02-01,2,2026-05-01,8316.0,3014.9,15.0,14.533
LV-008-CB-AMZ,2026-04-01,1,2026-05-01,8316.0,3527.8,15.0,14.533
LV-008-CB-AMZ,2025-09-01,5,2026-06-01,1848.0,1260.4,15.0,14.533
LV-008-CB-AMZ,2025-11-01,4,2026-06-01,1848.0,2462.7,15.0,14.533
LV-008-CB-AMZ,2026-01-01,3,2026-06-01,1848.0,2861.3,15.0,14.533
LV-008-CB-AMZ,2026-03-01,2,2026-06-01,1848.0,3695.5,15.0,14.533
LV-008-CB-AMZ,2026-05-01,1,2026-06-01,1848.0,4583.5,15.0,14.533
LV-008-CB-AMZ,2026-06-01,1,2026-06-01,1848.0,4701.0,15.0,14.533
LV-008-CB-AMZ,2025-10-01,5,2026-07-01,14928.0,1476.3,14.767,14.533
LV-008-CB-AMZ,2025-12-01,4,2026-07-01,14928.0,3763.6,14.767,14.533
LV-008-CB-AMZ,2026-02-01,3,2026-07-01,14928.0,2992.7,14.767,14.533
LV-008-CB-AMZ,2026-04-01,2,2026-07-01,14928.0,3501.6,14.767,14.533
LV-008-CB-AMZ,2026-07-01,1,2026-07-01,14928.0,3691.0,14.767,14.533
LV-016-BR,2025-09-01,1,2025-10-01,11618.0,4927.2,20.085,18.39
LV-016-BR,2025-10-01,1,2025-11-01,8415.0,6584.8,20.673,18.39
LV-016-BR,2025-09-01,2,2025-12-01,3862.0,6038.2,23.12,18.39
LV-016-BR,2025-11-01,1,2025-12-01,3862.0,5993.2,23.12,18.39
LV-016-BR,2025-10-01,2,2026-01-01,8730.0,6700.7,21.311,18.39
LV-016-BR,2025-12-01,1,2026-01-01,8730.0,6240.1,21.311,18.39
LV-016-BR,2025-09-01,3,2026-02-01,4578.0,4992.4,17.734,18.39
LV-016-BR,2025-11-01,2,2026-02-01,4578.0,6527.8,17.734,18.39
LV-016-BR,2026-01-01,1,2026-02-01,4578.0,6551.3,17.734,18.39
LV-016-BR,2025-10-01,3,2026-03-01,8567.0,6982.3,18.122,18.39
LV-016-BR,2025-12-01,2,2026-03-01,8567.0,6047.8,18.122,18.39
LV-016-BR,2026-02-01,1,2026-03-01,8567.0,5730.2,18.122,18.39
LV-016-BR,2025-09-01,4,2026-04-01,9723.0,5269.8,17.749,18.39
LV-016-BR,2025-11-01,3,2026-04-01,9723.0,6561.9,17.749,18.39
LV-016-BR,2026-01-01,2,2026-04-01,9723.0,6774.0,17.749,18.39
LV-016-BR,2026-03-01,1,2026-04-01,9723.0,6588.6,17.749,18.39
LV-016-BR,2025-10-01,4,2026-05-01,11824.0,6971.3,20.055,18.39
LV-016-BR,2025-12-01,3,2026-05-01,11824.0,6016.7,20.055,18.39
LV-016-BR,2026-02-01,2,2026-05-01,11824.0,5731.0,20.055,18.39
LV-016-BR,2026-04-01,1,2026-05-01,11824.0,7332.7,20.055,18.39
LV-016-BR,2025-09-01,5,2026-06-01,1545.0,4909.3,19.673,18.39
LV-016-BR,2025-11-01,4,2026-06-01,1545.0,5777.7,19.673,18.39
LV-016-BR,2026-01-01,3,2026-06-01,1545.0,6110.9,19.673,18.39
LV-016-BR,2026-03-01,2,2026-06-01,1545.0,6043.0,19.673,18.39
LV-016-BR,2026-05-01,1,2026-06-01,1545.0,7070.5,19.673,18.39
LV-016-BR,2026-06-01,1,2026-06-01,1545.0,8449.0,19.673,18.39
LV-016-BR,2025-10-01,5,2026-07-01,9794.0,6372.3,17.784,18.39
LV-016-BR,2025-12-01,4,2026-07-01,9794.0,6033.6,17.784,18.39
LV-016-BR,2026-02-01,3,2026-07-01,9794.0,5639.6,17.784,18.39
LV-016-BR,2026-04-01,2,2026-07-01,9794.0,7486.5,17.784,18.39
LV-016-BR,2026-07-01,1,2026-07-01,9794.0,6294.0,17.784,18.39
LV-10ML,2025-09-01,1,2025-10-01,1428.0,1004.3,2.588,2.591
LV-10ML,2025-10-01,1,2025-11-01,648.0,961.3,2.52,2.591
LV-10ML,2025-09-01,2,2025-12-01,1680.0,1040.3,2.602,2.591
LV-10ML,2025-11-01,1,2025-12-01,1680.0,762.7,2.602,2.591
LV-10ML,2025-10-01,2,2026-01-01,1296.0,1031.6,2.579,2.591
LV-10ML,2025-12-01,1,2026-01-01,1296.0,1599.4,2.579,2.591
LV-10ML,2025-09-01,3,2026-02-01,924.0,945.7,2.618,2.591
LV-10ML,2025-11-01,2,2026-02-01,924.0,1083.3,2.618,2.591
LV-10ML,2026-01-01,1,2026-02-01,924.0,1339.6,2.618,2.591
LV-10ML,2025-10-01,3,2026-03-01,1236.0,1487.7,2.586,2.591
LV-10ML,2025-12-01,2,2026-03-01,1236.0,1350.0,2.586,2.591
LV-10ML,2026-02-01,1,2026-03-01,1236.0,1047.0,2.586,2.591
LV-10ML,2025-09-01,4,2026-04-01,2304.0,1109.6,2.525,2.591
LV-10ML,2025-11-01,3,2026-04-01,2304.0,1196.9,2.525,2.591
LV-10ML,2026-01-01,2,2026-04-01,2304.0,1213.5,2.525,2.591
LV-10ML,2026-03-01,1,2026-04-01,2304.0,1032.9,2.525,2.591
LV-10ML,2025-10-01,4,2026-05-01,1332.0,1616.6,2.603,2.591
LV-10ML,2025-12-01,3,2026-05-01,1332.0,1306.8,2.603,2.591
LV-10ML,2026-02-01,2,2026-05-01,1332.0,1017.8,2.603,2.591
LV-10ML,2026-04-01,1,2026-05-01,1332.0,1573.6,2.603,2.591
LV-10ML,2026-05-01,1,2026-05-01,1332.0,0.0,2.603,2.591
LV-10ML,2025-09-01,5,2026-06-01,1128.0,1168.7,2.662,2.591
LV-10ML,2025-11-01,4,2026-06-01,1128.0,1181.9,2.662,2.591
LV-10ML,2026-01-01,3,2026-06-01,1128.0,1136.5,2.662,2.591
LV-10ML,2026-03-01,2,2026-06-01,1128.0,1005.4,2.662,2.591
LV-10ML,2026-05-01,1,2026-06-01,1128.0,1418.0,2.662,2.591
LV-10ML,2026-06-01,1,2026-06-01,1128.0,1492.0,2.662,2.591
LV-10ML,2025-10-01,5,2026-07-01,996.0,1468.6,2.589,2.591
LV-10ML,2025-12-01,4,2026-07-01,996.0,1305.5,2.589,2.591
LV-10ML,2026-02-01,3,2026-07-01,996.0,991.0,2.589,2.591
LV-10ML,2026-04-01,2,2026-07-01,996.0,1580.5,2.589,2.591
LV-10ML,2026-05-01,2,2026-07-01,996.0,0.0,2.589,2.591
LV-10ML,2026-07-01,1,2026-07-01,996.0,1483.0,2.589,2.591
LV-10ML-B,2025-09-01,1,2025-10-01,247.0,217.4,4.03,4.104
LV-10ML-B,2025-10-01,1,2025-11-01,187.0,282.8,4.517,4.104
LV-10ML-B,2025-09-01,2,2025-12-01,499.0,259.2,4.531,4.104
LV-10ML-B,2025-11-01,1,2025-12-01,499.0,230.7,4.531,4.104
LV-10ML-B,2025-10-01,2,2026-01-01,278.0,292.9,4.672,4.104
LV-10ML-B,2025-12-01,1,2026-01-01,278.0,332.8,4.672,4.104
LV-10ML-B,2025-09-01,3,2026-02-01,113.0,286.1,4.81,4.104
LV-10ML-B,2025-11-01,2,2026-02-01,113.0,210.5,4.81,4.104
LV-10ML-B,2026-01-01,1,2026-02-01,113.0,288.8,4.81,4.104
LV-10ML-B,2025-10-01,3,2026-03-01,312.0,235.0,4.494,4.104
LV-10ML-B,2025-12-01,2,2026-03-01,312.0,319.6,4.494,4.104
LV-10ML-B,2026-02-01,1,2026-03-01,312.0,188.0,4.494,4.104
LV-10ML-B,2025-09-01,4,2026-04-01,238.0,216.1,4.438,4.104
LV-10ML-B,2025-11-01,3,2026-04-01,238.0,191.2,4.438,4.104
LV-10ML-B,2026-01-01,2,2026-04-01,238.0,304.9,4.438,4.104
LV-10ML-B,2026-03-01,1,2026-04-01,238.0,233.5,4.438,4.104
LV-10ML-B,2025-10-01,4,2026-05-01,215.0,223.7,4.933,4.104
LV-10ML-B,2025-12-01,3,2026-05-01,215.0,321.8,4.933,4.104
LV-10ML-B,2026-02-01,2,2026-05-01,215.0,191.3,4.933,4.104
LV-10ML-B,2026-04-01,1,2026-05-01,215.0,240.4,4.933,4.104
LV-10ML-B,2025-09-01,5,2026-06-01,467.0,191.2,4.736,4.104
LV-10ML-B,2025-11-01,4,2026-06-01,467.0,180.9,4.736,4.104
LV-10ML-B,2026-01-01,3,2026-06-01,467.0,306.4,4.736,4.104
LV-10ML-B,2026-03-01,2,2026-06-01,467.0,224.4,4.736,4.104
LV-10ML-B,2026-05-01,1,2026-06-01,467.0,229.3,4.736,4.104
LV-10ML-B,2026-06-01,1,2026-06-01,467.0,223.0,4.736,4.104
LV-10ML-B,2025-10-01,5,2026-07-01,342.0,225.6,4.537,4.104
LV-10ML-B,2025-12-01,4,2026-07-01,342.0,313.0,4.537,4.104
LV-10ML-B,2026-02-01,3,2026-07-01,342.0,183.7,4.537,4.104
LV-10ML-B,2026-04-01,2,2026-07-01,342.0,238.8,4.537,4.104
LV-10ML-B,2026-07-01,1,2026-07-01,342.0,377.0,4.537,4.104
LVP-004-CB,2025-09-01,1,2025-10-01,300.0,163.4,7.683,7.51
LVP-004-CB,2025-10-01,1,2025-11-01,276.0,262.1,8.975,7.51
LVP-004-CB,2025-09-01,2,2025-12-01,285.0,225.9,8.691,7.51
LVP-004-CB,2025-11-01,1,2025-12-01,285.0,264.9,8.691,7.51
LVP-004-CB,2025-10-01,2,2026-01-01,527.0,275.4,8.801,7.51
LVP-004-CB,2025-12-01,1,2026-01-01,527.0,294.1,8.801,7.51
LVP-004-CB,2025-09-01,3,2026-02-01,620.0,223.0,8.303,7.51
LVP-004-CB,2025-11-01,2,2026-02-01,620.0,238.4,8.303,7.51
LVP-004-CB,2026-01-01,1,2026-02-01,620.0,321.7,8.303,7.51
LVP-004-CB,2025-10-01,3,2026-03-01,164.0,206.6,8.69,7.51
LVP-004-CB,2025-12-01,2,2026-03-01,164.0,297.0,8.69,7.51
LVP-004-CB,2026-02-01,1,2026-03-01,164.0,329.8,8.69,7.51
LVP-004-CB,2025-09-01,4,2026-04-01,415.0,190.5,8.985,7.51
LVP-004-CB,2025-11-01,3,2026-04-01,415.0,225.0,8.985,7.51
LVP-004-CB,2026-01-01,2,2026-04-01,415.0,330.3,8.985,7.51
LVP-004-CB,2026-03-01,1,2026-04-01,415.0,295.9,8.985,7.51
LVP-004-CB,2025-10-01,4,2026-05-01,542.0,212.8,8.564,7.51
LVP-004-CB,2025-12-01,3,2026-05-01,542.0,308.4,8.564,7.51
LVP-004-CB,2026-02-01,2,2026-05-01,542.0,330.0,8.564,7.51
LVP-004-CB,2026-04-01,1,2026-05-01,542.0,342.5,8.564,7.51
LVP-004-CB,2026-05-01,1,2026-05-01,542.0,0.0,8.564,7.51
LVP-004-CB,2025-09-01,5,2026-06-01,1350.0,195.6,7.742,7.51
LVP-004-CB,2025-11-01,4,2026-06-01,1350.0,251.3,7.742,7.51
LVP-004-CB,2026-01-01,3,2026-06-01,1350.0,330.1,7.742,7.51
LVP-004-CB,2026-03-01,2,2026-06-01,1350.0,285.6,7.742,7.51
LVP-004-CB,2026-05-01,1,2026-06-01,1350.0,392.4,7.742,7.51
LVP-004-CB,2026-06-01,1,2026-06-01,1350.0,1271.0,7.742,7.51
LVP-004-CB,2025-10-01,5,2026-07-01,758.0,245.3,7.37,7.51
LVP-004-CB,2025-12-01,4,2026-07-01,758.0,310.4,7.37,7.51
LVP-004-CB,2026-02-01,3,2026-07-01,758.0,314.0,7.37,7.51
LVP-004-CB,2026-04-01,2,2026-07-01,758.0,345.7,7.37,7.51
LVP-004-CB,2026-05-01,2,2026-07-01,758.0,0.0,7.37,7.51
LVP-004-CB,2026-07-01,1,2026-07-01,758.0,523.0,7.37,7.51
LVP-004-CB-AMZ,2025-09-01,1,2025-10-01,1692.0,525.5,9.75,9.199
LVP-004-CB-AMZ,2025-10-01,1,2025-11-01,1524.0,840.2,9.75,9.199
LVP-004-CB-AMZ,2025-09-01,2,2025-12-01,528.0,521.5,9.75,9.199
LVP-004-CB-AMZ,2025-11-01,1,2025-12-01,528.0,909.4,9.75,9.199
LVP-004-CB-AMZ,2025-10-01,2,2026-01-01,144.0,894.6,9.75,9.199
LVP-004-CB-AMZ,2025-12-01,1,2026-01-01,144.0,821.9,9.75,9.199
LVP-004-CB-AMZ,2025-09-01,3,2026-02-01,492.0,694.1,9.75,9.199
LVP-004-CB-AMZ,2025-11-01,2,2026-02-01,492.0,845.3,9.75,9.199
LVP-004-CB-AMZ,2026-01-01,1,2026-02-01,492.0,728.3,9.75,9.199
LVP-004-CB-AMZ,2025-10-01,3,2026-03-01,1080.0,813.6,9.75,9.199
LVP-004-CB-AMZ,2025-12-01,2,2026-03-01,1080.0,789.1,9.75,9.199
LVP-004-CB-AMZ,2026-02-01,1,2026-03-01,1080.0,725.7,9.75,9.199
LVP-004-CB-AMZ,2025-09-01,4,2026-04-01,1536.0,617.8,9.75,9.199
LVP-004-CB-AMZ,2025-11-01,3,2026-04-01,1536.0,976.8,9.75,9.199
LVP-004-CB-AMZ,2026-01-01,2,2026-04-01,1536.0,708.5,9.75,9.199
LVP-004-CB-AMZ,2026-03-01,1,2026-04-01,1536.0,895.8,9.75,9.199
LVP-004-CB-AMZ,2025-10-01,4,2026-05-01,408.0,681.3,9.75,9.199
LVP-004-CB-AMZ,2025-12-01,3,2026-05-01,408.0,875.5,9.75,9.199
LVP-004-CB-AMZ,2026-02-01,2,2026-05-01,408.0,723.2,9.75,9.199
LVP-004-CB-AMZ,2026-04-01,1,2026-05-01,408.0,989.8,9.75,9.199
LVP-004-CB-AMZ,2025-09-01,5,2026-06-01,876.0,527.4,9.75,9.199
LVP-004-CB-AMZ,2025-11-01,4,2026-06-01,876.0,1089.6,9.75,9.199
LVP-004-CB-AMZ,2026-01-01,3,2026-06-01,876.0,712.3,9.75,9.199
LVP-004-CB-AMZ,2026-03-01,2,2026-06-01,876.0,900.7,9.75,9.199
LVP-004-CB-AMZ,2026-05-01,1,2026-06-01,876.0,879.2,9.75,9.199
LVP-004-CB-AMZ,2026-06-01,1,2026-06-01,876.0,882.0,9.75,9.199
LVP-004-CB-AMZ,2025-10-01,5,2026-07-01,492.0,773.8,9.75,9.199
LVP-004-CB-AMZ,2025-12-01,4,2026-07-01,492.0,926.0,9.75,9.199
LVP-004-CB-AMZ,2026-02-01,3,2026-07-01,492.0,735.4,9.75,9.199
LVP-004-CB-AMZ,2026-04-01,2,2026-07-01,492.0,961.8,9.75,9.199
LVP-004-CB-AMZ,2026-07-01,1,2026-07-01,492.0,867.0,9.75,9.199
LVP-016-BR,2025-09-01,1,2025-10-01,4922.0,1492.5,21.431,16.71
LVP-016-BR,2025-10-01,1,2025-11-01,3526.0,2605.0,20.564,16.71
LVP-016-BR,2025-09-01,2,2025-12-01,2282.0,1397.4,22.939,16.71
LVP-016-BR,2025-11-01,1,2025-12-01,2282.0,2387.8,22.939,16.71
LVP-016-BR,2025-10-01,2,2026-01-01,2375.0,2059.4,20.092,16.71
LVP-016-BR,2025-12-01,1,2026-01-01,2375.0,2551.9,20.092,16.71
LVP-016-BR,2025-09-01,3,2026-02-01,810.0,1169.9,21.908,16.71
LVP-016-BR,2025-11-01,2,2026-02-01,810.0,2273.3,21.908,16.71
LVP-016-BR,2026-01-01,1,2026-02-01,810.0,2508.6,21.908,16.71
LVP-016-BR,2025-10-01,3,2026-03-01,1718.0,2122.9,23.067,16.71
LVP-016-BR,2025-12-01,2,2026-03-01,1718.0,2302.9,23.067,16.71
LVP-016-BR,2026-02-01,1,2026-03-01,1718.0,1592.0,23.067,16.71
LVP-016-BR,2025-09-01,4,2026-04-01,2146.0,1435.2,20.746,16.71
LVP-016-BR,2025-11-01,3,2026-04-01,2146.0,2095.4,20.746,16.71
LVP-016-BR,2026-01-01,2,2026-04-01,2146.0,2140.0,20.746,16.71
LVP-016-BR,2026-03-01,1,2026-04-01,2146.0,1909.1,20.746,16.71
LVP-016-BR,2025-10-01,4,2026-05-01,2675.0,2460.4,20.111,16.71
LVP-016-BR,2025-12-01,3,2026-05-01,2675.0,1947.4,20.111,16.71
LVP-016-BR,2026-02-01,2,2026-05-01,2675.0,1706.7,20.111,16.71
LVP-016-BR,2026-04-01,1,2026-05-01,2675.0,1881.8,20.111,16.71
LVP-016-BR,2025-09-01,5,2026-06-01,686.0,1292.2,21.574,16.71
LVP-016-BR,2025-11-01,4,2026-06-01,686.0,2087.8,21.574,16.71
LVP-016-BR,2026-01-01,3,2026-06-01,686.0,2170.5,21.574,16.71
LVP-016-BR,2026-03-01,2,2026-06-01,686.0,1664.1,21.574,16.71
LVP-016-BR,2026-05-01,1,2026-06-01,686.0,2382.8,21.574,16.71
LVP-016-BR,2026-06-01,1,2026-06-01,686.0,2381.0,21.574,16.71
LVP-016-BR,2025-10-01,5,2026-07-01,488.0,2207.7,17.981,16.71
LVP-016-BR,2025-12-01,4,2026-07-01,488.0,2225.1,17.981,16.71
LVP-016-BR,2026-02-01,3,2026-07-01,488.0,1492.8,17.981,16.71
LVP-016-BR,2026-04-01,2,2026-07-01,488.0,2158.9,17.981,16.71
LVP-016-BR,2026-07-01,1,2026-07-01,488.0,2611.0,17.981,16.71
MC11123,2025-09-01,1,2025-10-01,18960.0,21405.7,4.723,8.894
MC11123,2025-10-01,1,2025-11-01,17712.0,20761.9,5.432,8.894
MC11123,2025-09-01,2,2025-12-01,17400.0,22426.2,4.723,8.894
MC11123,2025-11-01,1,2025-12-01,17400.0,20245.9,4.723,8.894
MC11123,2025-10-01,2,2026-01-01,26832.0,21301.9,5.432,8.894
MC11123,2025-12-01,1,2026-01-01,26832.0,17973.7,5.432,8.894
MC11123,2025-09-01,3,2026-02-01,13848.0,22346.8,4.547,8.894
MC11123,2025-11-01,2,2026-02-01,13848.0,20078.3,4.547,8.894
MC11123,2026-01-01,1,2026-02-01,13848.0,22364.9,4.547,8.894
MC11123,2025-10-01,3,2026-03-01,7296.0,20778.5,4.654,8.894
MC11123,2025-12-01,2,2026-03-01,7296.0,18761.9,4.654,8.894
MC11123,2026-02-01,1,2026-03-01,7296.0,20970.7,4.654,8.894
MC11123,2025-09-01,4,2026-04-01,10896.0,22153.5,4.97,8.894
MC11123,2025-11-01,3,2026-04-01,10896.0,19797.0,4.97,8.894
MC11123,2026-01-01,2,2026-04-01,10896.0,23038.1,4.97,8.894
MC11123,2026-03-01,1,2026-04-01,10896.0,12810.1,4.97,8.894
MC11123,2025-10-01,4,2026-05-01,6960.0,21171.5,5.37,8.894
MC11123,2025-12-01,3,2026-05-01,6960.0,19236.9,5.37,8.894
MC11123,2026-02-01,2,2026-05-01,6960.0,19159.5,5.37,8.894
MC11123,2026-04-01,1,2026-05-01,6960.0,11966.1,5.37,8.894
MC11123,2025-09-01,5,2026-06-01,7752.0,21881.5,4.921,8.894
MC11123,2025-11-01,4,2026-06-01,7752.0,20224.4,4.921,8.894
MC11123,2026-01-01,3,2026-06-01,7752.0,22644.4,4.921,8.894
MC11123,2026-03-01,2,2026-06-01,7752.0,13852.0,4.921,8.894
MC11123,2026-05-01,1,2026-06-01,7752.0,11654.7,4.921,8.894
MC11123,2026-06-01,1,2026-06-01,7752.0,11481.0,4.921,8.894
MC11123,2025-10-01,5,2026-07-01,5376.0,20949.7,4.63,8.894
MC11123,2025-12-01,4,2026-07-01,5376.0,18860.2,4.63,8.894
MC11123,2026-02-01,3,2026-07-01,5376.0,19740.7,4.63,8.894
MC11123,2026-04-01,2,2026-07-01,5376.0,11989.2,4.63,8.894
MC11123,2026-07-01,1,2026-07-01,5376.0,9435.0,4.63,8.894
MC11133,2025-09-01,1,2025-10-01,22896.0,18956.1,5.9,19.203
MC11133,2025-10-01,1,2025-11-01,21408.0,20745.9,5.9,19.203
MC11133,2025-09-01,2,2025-12-01,22320.0,19129.4,5.9,19.203
MC11133,2025-11-01,1,2025-12-01,22320.0,19412.9,5.9,19.203
MC11133,2025-10-01,2,2026-01-01,25560.0,19972.3,5.9,19.203
MC11133,2025-12-01,1,2026-01-01,25560.0,22109.1,5.9,19.203
MC11133,2025-09-01,3,2026-02-01,2304.0,18899.0,5.9,19.203
MC11133,2025-11-01,2,2026-02-01,2304.0,20750.9,5.9,19.203
MC11133,2026-01-01,1,2026-02-01,2304.0,22222.5,5.9,19.203
MC11133,2025-10-01,3,2026-03-01,31800.0,20750.3,5.9,19.203
MC11133,2025-12-01,2,2026-03-01,31800.0,21609.8,5.9,19.203
MC11133,2026-02-01,1,2026-03-01,31800.0,13143.9,5.9,19.203
MC11133,2025-09-01,4,2026-04-01,21768.0,19251.3,5.9,19.203
MC11133,2025-11-01,3,2026-04-01,21768.0,21520.7,5.9,19.203
MC11133,2026-01-01,2,2026-04-01,21768.0,23509.5,5.9,19.203
MC11133,2026-03-01,1,2026-04-01,21768.0,22392.7,5.9,19.203
MC11133,2025-10-01,4,2026-05-01,20352.0,20816.8,5.9,19.203
MC11133,2025-12-01,3,2026-05-01,20352.0,21946.0,5.9,19.203
MC11133,2026-02-01,2,2026-05-01,20352.0,13026.0,5.9,19.203
MC11133,2026-04-01,1,2026-05-01,20352.0,21312.4,5.9,19.203
MC11133,2025-09-01,5,2026-06-01,22464.0,19961.3,5.9,19.203
MC11133,2025-11-01,4,2026-06-01,22464.0,20870.4,5.9,19.203
MC11133,2026-01-01,3,2026-06-01,22464.0,23695.3,5.9,19.203
MC11133,2026-03-01,2,2026-06-01,22464.0,21862.2,5.9,19.203
MC11133,2026-05-01,1,2026-06-01,22464.0,22504.9,5.9,19.203
MC11133,2026-06-01,1,2026-06-01,22464.0,21318.0,5.9,19.203
MC11133,2025-10-01,5,2026-07-01,28320.0,21303.5,5.9,19.203
MC11133,2025-12-01,4,2026-07-01,28320.0,22219.1,5.9,19.203
MC11133,2026-02-01,3,2026-07-01,28320.0,12337.0,5.9,19.203
MC11133,2026-04-01,2,2026-07-01,28320.0,22785.4,5.9,19.203
MC11133,2026-07-01,1,2026-07-01,28320.0,22631.0,5.9,19.203
MC11134,2025-09-01,1,2025-10-01,35568.0,18551.7,5.9,19.572
MC11134,2025-10-01,1,2025-11-01,18336.0,20636.2,5.9,19.572
MC11134,2025-09-01,2,2025-12-01,25992.0,18877.8,5.9,19.572
MC11134,2025-11-01,1,2025-12-01,25992.0,22224.5,5.9,19.572
MC11134,2025-10-01,2,2026-01-01,24576.0,23714.8,5.9,19.572
MC11134,2025-12-01,1,2026-01-01,24576.0,24743.4,5.9,19.572
MC11134,2025-09-01,3,2026-02-01,19872.0,19422.4,5.9,19.572
MC11134,2025-11-01,2,2026-02-01,19872.0,21688.8,5.9,19.572
MC11134,2026-01-01,1,2026-02-01,19872.0,24379.0,5.9,19.572
MC11134,2025-10-01,3,2026-03-01,26880.0,22845.5,5.9,19.572
MC11134,2025-12-01,2,2026-03-01,26880.0,25658.4,5.9,19.572
MC11134,2026-02-01,1,2026-03-01,26880.0,21689.2,5.9,19.572
MC11134,2025-09-01,4,2026-04-01,20760.0,19562.5,5.9,19.572
MC11134,2025-11-01,3,2026-04-01,20760.0,23262.1,5.9,19.572
MC11134,2026-01-01,2,2026-04-01,20760.0,26050.8,5.9,19.572
MC11134,2026-03-01,1,2026-04-01,20760.0,22974.1,5.9,19.572
MC11134,2025-10-01,4,2026-05-01,18816.0,24059.4,5.9,19.572
MC11134,2025-12-01,3,2026-05-01,18816.0,26464.4,5.9,19.572
MC11134,2026-02-01,2,2026-05-01,18816.0,21165.8,5.9,19.572
MC11134,2026-04-01,1,2026-05-01,18816.0,24419.5,5.9,19.572
MC11134,2025-09-01,5,2026-06-01,24720.0,20357.2,5.9,19.572
MC11134,2025-11-01,4,2026-06-01,24720.0,22629.3,5.9,19.572
MC11134,2026-01-01,3,2026-06-01,24720.0,24040.7,5.9,19.572
MC11134,2026-03-01,2,2026-06-01,24720.0,25971.4,5.9,19.572
MC11134,2026-05-01,1,2026-06-01,24720.0,22430.3,5.9,19.572
MC11134,2026-06-01,1,2026-06-01,24720.0,22554.0,5.9,19.572
MC11134,2025-10-01,5,2026-07-01,25224.0,23343.1,5.9,19.572
MC11134,2025-12-01,4,2026-07-01,25224.0,26341.5,5.9,19.572
MC11134,2026-02-01,3,2026-07-01,25224.0,22133.9,5.9,19.572
MC11134,2026-04-01,2,2026-07-01,25224.0,24735.2,5.9,19.572
MC11134,2026-07-01,1,2026-07-01,25224.0,22035.0,5.9,19.572
MC11307,2025-09-01,1,2025-10-01,16668.0,19728.7,6.18,8.601
MC11307,2025-10-01,1,2025-11-01,8460.0,16329.3,6.18,8.601
MC11307,2025-09-01,2,2025-12-01,11904.0,16873.5,6.18,8.601
MC11307,2025-11-01,1,2025-12-01,11904.0,14575.9,6.18,8.601
MC11307,2025-10-01,2,2026-01-01,13116.0,16697.7,6.18,8.601
MC11307,2025-12-01,1,2026-01-01,13116.0,11144.6,6.18,8.601
MC11307,2025-09-01,3,2026-02-01,8484.0,17535.2,6.18,8.601
MC11307,2025-11-01,2,2026-02-01,8484.0,13729.6,6.18,8.601
MC11307,2026-01-01,1,2026-02-01,8484.0,12793.5,6.18,8.601
MC11307,2025-10-01,3,2026-03-01,11268.0,16893.2,6.18,8.601
MC11307,2025-12-01,2,2026-03-01,11268.0,11842.3,6.18,8.601
MC11307,2026-02-01,1,2026-03-01,11268.0,10286.5,6.18,8.601
MC11307,2025-09-01,4,2026-04-01,9744.0,18440.9,6.18,8.601
MC11307,2025-11-01,3,2026-04-01,9744.0,14769.5,6.18,8.601
MC11307,2026-01-01,2,2026-04-01,9744.0,12749.2,6.18,8.601
MC11307,2026-03-01,1,2026-04-01,9744.0,10166.8,6.18,8.601
MC11307,2025-10-01,4,2026-05-01,9792.0,16450.9,6.18,8.601
MC11307,2025-12-01,3,2026-05-01,9792.0,12826.5,6.18,8.601
MC11307,2026-02-01,2,2026-05-01,9792.0,9594.0,6.18,8.601
MC11307,2026-04-01,1,2026-05-01,9792.0,9021.8,6.18,8.601
MC11307,2025-09-01,5,2026-06-01,11136.0,18087.3,6.18,8.601
MC11307,2025-11-01,4,2026-06-01,11136.0,17068.2,6.18,8.601
MC11307,2026-01-01,3,2026-06-01,11136.0,14436.8,6.18,8.601
MC11307,2026-03-01,2,2026-06-01,11136.0,9565.0,6.18,8.601
MC11307,2026-05-01,1,2026-06-01,11136.0,9673.6,6.18,8.601
MC11307,2026-06-01,1,2026-06-01,11136.0,9901.0,6.18,8.601
MC11307,2025-10-01,5,2026-07-01,13908.0,17642.0,6.18,8.601
MC11307,2025-12-01,4,2026-07-01,13908.0,14752.0,6.18,8.601
MC11307,2026-02-01,3,2026-07-01,13908.0,8677.2,6.18,8.601
MC11307,2026-04-01,2,2026-07-01,13908.0,10858.4,6.18,8.601
MC11307,2026-07-01,1,2026-07-01,13908.0,10376.0,6.18,8.601
MC11310,2025-09-01,1,2025-10-01,1440.0,880.3,5.99,17.373
MC11310,2025-10-01,1,2025-11-01,0.0,1037.2,,17.373
MC11310,2025-09-01,2,2025-12-01,1440.0,849.6,5.99,17.373
MC11310,2025-11-01,1,2025-12-01,1440.0,809.8,5.99,17.373
MC11310,2025-10-01,2,2026-01-01,1440.0,1040.9,5.99,17.373
MC11310,2025-12-01,1,2026-01-01,1440.0,957.4,5.99,17.373
MC11310,2025-09-01,3,2026-02-01,0.0,897.9,,17.373
MC11310,2025-11-01,2,2026-02-01,0.0,866.2,,17.373
MC11310,2026-01-01,1,2026-02-01,0.0,1025.6,,17.373
MC11310,2025-10-01,3,2026-03-01,1440.0,1076.7,5.99,17.373
MC11310,2025-12-01,2,2026-03-01,1440.0,973.0,5.99,17.373
MC11310,2026-02-01,1,2026-03-01,1440.0,805.6,5.99,17.373
MC11310,2025-09-01,4,2026-04-01,1440.0,842.2,5.99,17.373
MC11310,2025-11-01,3,2026-04-01,1440.0,704.9,5.99,17.373
MC11310,2026-01-01,2,2026-04-01,1440.0,1006.6,5.99,17.373
MC11310,2026-03-01,1,2026-04-01,1440.0,1000.5,5.99,17.373
MC11310,2025-10-01,4,2026-05-01,0.0,1091.2,,17.373
MC11310,2025-12-01,3,2026-05-01,0.0,1006.2,,17.373
MC11310,2026-02-01,2,2026-05-01,0.0,835.1,,17.373
MC11310,2026-04-01,1,2026-05-01,0.0,1021.0,,17.373
MC11310,2025-09-01,5,2026-06-01,0.0,951.0,,17.373
MC11310,2025-11-01,4,2026-06-01,0.0,771.3,,17.373
MC11310,2026-01-01,3,2026-06-01,0.0,1019.2,,17.373
MC11310,2026-03-01,2,2026-06-01,0.0,1008.9,,17.373
MC11310,2026-05-01,1,2026-06-01,0.0,857.2,,17.373
MC11310,2026-06-01,1,2026-06-01,0.0,888.0,,17.373
MC11310,2025-10-01,5,2026-07-01,1440.0,1076.0,5.99,17.373
MC11310,2025-12-01,4,2026-07-01,1440.0,1026.8,5.99,17.373
MC11310,2026-02-01,3,2026-07-01,1440.0,799.5,5.99,17.373
MC11310,2026-04-01,2,2026-07-01,1440.0,1059.1,5.99,17.373
MC11310,2026-07-01,1,2026-07-01,1440.0,676.0,5.99,17.373
MC11316,2025-09-01,1,2025-10-01,7232.0,4461.2,9.147,9.938
MC11316,2025-10-01,1,2025-11-01,5952.0,4781.9,9.147,9.938
MC11316,2025-09-01,2,2025-12-01,2816.0,4467.1,9.8,9.938
MC11316,2025-11-01,1,2025-12-01,2816.0,5510.3,9.8,9.938
MC11316,2025-10-01,2,2026-01-01,3716.0,5158.6,9.867,9.938
MC11316,2025-12-01,1,2026-01-01,3716.0,4379.4,9.867,9.938
MC11316,2025-09-01,3,2026-02-01,3253.0,4397.3,11.488,9.938
MC11316,2025-11-01,2,2026-02-01,3253.0,5456.2,11.488,9.938
MC11316,2026-01-01,1,2026-02-01,3253.0,4105.6,11.488,9.938
MC11316,2025-10-01,3,2026-03-01,9697.0,5230.3,12.567,9.938
MC11316,2025-12-01,2,2026-03-01,9697.0,4720.2,12.567,9.938
MC11316,2026-02-01,1,2026-03-01,9697.0,3943.5,12.567,9.938
MC11316,2025-09-01,4,2026-04-01,1911.0,4366.0,10.785,9.938
MC11316,2025-11-01,3,2026-04-01,1911.0,5685.4,10.785,9.938
MC11316,2026-01-01,2,2026-04-01,1911.0,4232.1,10.785,9.938
MC11316,2026-03-01,1,2026-04-01,1911.0,5023.1,10.785,9.938
MC11316,2025-10-01,4,2026-05-01,4457.0,5203.1,11.343,9.938
MC11316,2025-12-01,3,2026-05-01,4457.0,4763.2,11.343,9.938
MC11316,2026-02-01,2,2026-05-01,4457.0,3652.2,11.343,9.938
MC11316,2026-04-01,1,2026-05-01,4457.0,3715.8,11.343,9.938
MC11316,2026-05-01,1,2026-05-01,4457.0,0.0,11.343,9.938
MC11316,2025-09-01,5,2026-06-01,2871.0,4331.8,11.096,9.938
MC11316,2025-11-01,4,2026-06-01,2871.0,6035.1,11.096,9.938
MC11316,2026-01-01,3,2026-06-01,2871.0,4111.8,11.096,9.938
MC11316,2026-03-01,2,2026-06-01,2871.0,4863.8,11.096,9.938
MC11316,2026-05-01,1,2026-06-01,2871.0,3655.5,11.096,9.938
MC11316,2026-06-01,1,2026-06-01,2871.0,4139.0,11.096,9.938
MC11316,2025-10-01,5,2026-07-01,6903.0,5233.8,10.928,9.938
MC11316,2025-12-01,4,2026-07-01,6903.0,4650.9,10.928,9.938
MC11316,2026-02-01,3,2026-07-01,6903.0,3847.5,10.928,9.938
MC11316,2026-04-01,2,2026-07-01,6903.0,3705.2,10.928,9.938
MC11316,2026-05-01,2,2026-07-01,6903.0,0.0,10.928,9.938
MC11316,2026-07-01,1,2026-07-01,6903.0,4094.0,10.928,9.938
MC11428,2025-09-01,1,2025-10-01,1648.0,2462.3,9.97,9.556
MC11428,2025-10-01,1,2025-11-01,3056.0,2253.1,9.947,9.556
MC11428,2025-09-01,2,2025-12-01,2464.0,2428.0,9.97,9.556
MC11428,2025-11-01,1,2025-12-01,2464.0,2548.7,9.97,9.556
MC11428,2025-10-01,2,2026-01-01,1056.0,2238.4,7.84,9.556
MC11428,2025-12-01,1,2026-01-01,1056.0,2378.9,7.84,9.556
MC11428,2025-09-01,3,2026-02-01,2624.0,2526.1,7.84,9.556
MC11428,2025-11-01,2,2026-02-01,2624.0,2503.4,7.84,9.556
MC11428,2026-01-01,1,2026-02-01,2624.0,1963.7,7.84,9.556
MC11428,2025-10-01,3,2026-03-01,1600.0,2174.1,9.97,9.556
MC11428,2025-12-01,2,2026-03-01,1600.0,2495.4,9.97,9.556
MC11428,2026-02-01,1,2026-03-01,1600.0,2101.3,9.97,9.556
MC11428,2025-09-01,4,2026-04-01,1856.0,2458.7,9.97,9.556
MC11428,2025-11-01,3,2026-04-01,1856.0,2917.5,9.97,9.556
MC11428,2026-01-01,2,2026-04-01,1856.0,2082.1,9.97,9.556
MC11428,2026-03-01,1,2026-04-01,1856.0,2122.4,9.97,9.556
MC11428,2025-10-01,4,2026-05-01,1536.0,2359.4,9.97,9.556
MC11428,2025-12-01,3,2026-05-01,1536.0,2607.0,9.97,9.556
MC11428,2026-02-01,2,2026-05-01,1536.0,2126.7,9.97,9.556
MC11428,2026-04-01,1,2026-05-01,1536.0,2077.2,9.97,9.556
MC11428,2026-05-01,1,2026-05-01,1536.0,0.0,9.97,9.556
MC11428,2025-09-01,5,2026-06-01,1373.0,2567.5,9.21,9.556
MC11428,2025-11-01,4,2026-06-01,1373.0,2954.2,9.21,9.556
MC11428,2026-01-01,3,2026-06-01,1373.0,2149.0,9.21,9.556
MC11428,2026-03-01,2,2026-06-01,1373.0,2203.1,9.21,9.556
MC11428,2026-05-01,1,2026-06-01,1373.0,2063.0,9.21,9.556
MC11428,2026-06-01,1,2026-06-01,1373.0,2117.0,9.21,9.556
MC11428,2025-10-01,5,2026-07-01,3018.0,2347.1,9.338,9.556
MC11428,2025-12-01,4,2026-07-01,3018.0,2644.2,9.338,9.556
MC11428,2026-02-01,3,2026-07-01,3018.0,2294.9,9.338,9.556
MC11428,2026-04-01,2,2026-07-01,3018.0,2175.4,9.338,9.556
MC11428,2026-05-01,2,2026-07-01,3018.0,0.0,9.338,9.556
MC11428,2026-07-01,1,2026-07-01,3018.0,1866.0,9.338,9.556
MC12387,2025-09-01,1,2025-10-01,112.0,109.4,11.04,10.789
MC12387,2025-10-01,1,2025-11-01,224.0,112.9,11.04,10.789
MC12387,2025-09-01,2,2025-12-01,160.0,106.9,11.04,10.789
MC12387,2025-11-01,1,2025-12-01,160.0,122.7,11.04,10.789
MC12387,2025-10-01,2,2026-01-01,192.0,108.8,11.04,10.789
MC12387,2025-12-01,1,2026-01-01,192.0,155.5,11.04,10.789
MC12387,2025-09-01,3,2026-02-01,192.0,105.0,11.04,10.789
MC12387,2025-11-01,2,2026-02-01,192.0,130.7,11.04,10.789
MC12387,2026-01-01,1,2026-02-01,192.0,162.9,11.04,10.789
MC12387,2025-10-01,3,2026-03-01,80.0,106.9,11.04,10.789
MC12387,2025-12-01,2,2026-03-01,80.0,155.0,11.04,10.789
MC12387,2026-02-01,1,2026-03-01,80.0,172.7,11.04,10.789
MC12387,2025-09-01,4,2026-04-01,80.0,102.0,11.04,10.789
MC12387,2025-11-01,3,2026-04-01,80.0,124.1,11.04,10.789
MC12387,2026-01-01,2,2026-04-01,80.0,165.3,11.04,10.789
MC12387,2026-03-01,1,2026-04-01,80.0,144.4,11.04,10.789
MC12387,2025-10-01,4,2026-05-01,32.0,113.0,11.04,10.789
MC12387,2025-12-01,3,2026-05-01,32.0,156.9,11.04,10.789
MC12387,2026-02-01,2,2026-05-01,32.0,171.2,11.04,10.789
MC12387,2026-04-01,1,2026-05-01,32.0,121.0,11.04,10.789
MC12387,2026-05-01,1,2026-05-01,32.0,0.0,11.04,10.789
MC12387,2025-09-01,5,2026-06-01,1012.0,97.8,1.017,10.789
MC12387,2025-11-01,4,2026-06-01,1012.0,127.2,1.017,10.789
MC12387,2026-01-01,3,2026-06-01,1012.0,166.3,1.017,10.789
MC12387,2026-03-01,2,2026-06-01,1012.0,145.1,1.017,10.789
MC12387,2026-05-01,1,2026-06-01,1012.0,108.5,1.017,10.789
MC12387,2026-06-01,1,2026-06-01,1012.0,106.0,1.017,10.789
MC12387,2025-10-01,5,2026-07-01,16.0,112.5,11.04,10.789
MC12387,2025-12-01,4,2026-07-01,16.0,156.9,11.04,10.789
MC12387,2026-02-01,3,2026-07-01,16.0,169.4,11.04,10.789
MC12387,2026-04-01,2,2026-07-01,16.0,118.5,11.04,10.789
MC12387,2026-05-01,2,2026-07-01,16.0,0.0,11.04,10.789
MC12387,2026-07-01,1,2026-07-01,16.0,296.0,11.04,10.789
MC12569,2025-09-01,1,2025-10-01,2712.0,2199.7,3.461,3.301
MC12569,2025-10-01,1,2025-11-01,1968.0,2085.2,4.245,3.301
MC12569,2025-09-01,2,2025-12-01,9696.0,2252.1,3.0,3.301
MC12569,2025-11-01,1,2025-12-01,9696.0,2290.7,3.0,3.301
MC12569,2025-10-01,2,2026-01-01,1800.0,2139.4,4.478,3.301
MC12569,2025-12-01,1,2026-01-01,1800.0,1830.1,4.478,3.301
MC12569,2025-09-01,3,2026-02-01,4056.0,2484.0,3.281,3.301
MC12569,2025-11-01,2,2026-02-01,4056.0,2160.5,3.281,3.301
MC12569,2026-01-01,1,2026-02-01,4056.0,2726.8,3.281,3.301
MC12569,2025-10-01,3,2026-03-01,2496.0,2132.3,3.788,3.301
MC12569,2025-12-01,2,2026-03-01,2496.0,1872.1,3.788,3.301
MC12569,2026-02-01,1,2026-03-01,2496.0,1648.1,3.788,3.301
MC12569,2025-09-01,4,2026-04-01,3600.0,2459.6,3.424,3.301
MC12569,2025-11-01,3,2026-04-01,3600.0,2167.7,3.424,3.301
MC12569,2026-01-01,2,2026-04-01,3600.0,2817.0,3.424,3.301
MC12569,2026-03-01,1,2026-04-01,3600.0,1935.5,3.424,3.301
MC12569,2025-10-01,4,2026-05-01,2496.0,2281.9,3.442,3.301
MC12569,2025-12-01,3,2026-05-01,2496.0,1974.4,3.442,3.301
MC12569,2026-02-01,2,2026-05-01,2496.0,1498.7,3.442,3.301
MC12569,2026-04-01,1,2026-05-01,2496.0,2383.4,3.442,3.301
MC12569,2026-05-01,1,2026-05-01,2496.0,0.0,3.442,3.301
MC12569,2025-09-01,5,2026-06-01,2736.0,2262.9,4.074,3.301
MC12569,2025-11-01,4,2026-06-01,2736.0,2208.4,4.074,3.301
MC12569,2026-01-01,3,2026-06-01,2736.0,2766.1,4.074,3.301
MC12569,2026-03-01,2,2026-06-01,2736.0,1702.7,4.074,3.301
MC12569,2026-05-01,1,2026-06-01,2736.0,1874.2,4.074,3.301
MC12569,2026-06-01,1,2026-06-01,2736.0,3698.0,4.074,3.301
MC12569,2025-10-01,5,2026-07-01,576.0,2270.1,4.418,3.301
MC12569,2025-12-01,4,2026-07-01,576.0,1854.8,4.418,3.301
MC12569,2026-02-01,3,2026-07-01,576.0,1552.6,4.418,3.301
MC12569,2026-04-01,2,2026-07-01,576.0,2152.9,4.418,3.301
MC12569,2026-05-01,2,2026-07-01,576.0,0.0,4.418,3.301
MC12569,2026-07-01,1,2026-07-01,576.0,6616.0,4.418,3.301
MC12579,2025-09-01,1,2025-10-01,3792.0,4577.2,5.49,5.49
MC12579,2025-10-01,1,2025-11-01,5328.0,5277.8,5.245,5.49
MC12579,2025-09-01,2,2025-12-01,5856.0,5086.5,5.245,5.49
MC12579,2025-11-01,1,2025-12-01,5856.0,5685.3,5.245,5.49
MC12579,2025-10-01,2,2026-01-01,2808.0,5739.8,5.245,5.49
MC12579,2025-12-01,1,2026-01-01,2808.0,4943.3,5.245,5.49
MC12579,2025-09-01,3,2026-02-01,1848.0,5865.1,5.49,5.49
MC12579,2025-11-01,2,2026-02-01,1848.0,5456.6,5.49,5.49
MC12579,2026-01-01,1,2026-02-01,1848.0,4590.1,5.49,5.49
MC12579,2025-10-01,3,2026-03-01,9696.0,4852.8,5.49,5.49
MC12579,2025-12-01,2,2026-03-01,9696.0,4812.3,5.49,5.49
MC12579,2026-02-01,1,2026-03-01,9696.0,5001.9,5.49,5.49
MC12579,2025-09-01,4,2026-04-01,6984.0,4727.2,5.49,5.49
MC12579,2025-11-01,3,2026-04-01,6984.0,5025.4,5.49,5.49
MC12579,2026-01-01,2,2026-04-01,6984.0,4306.2,5.49,5.49
MC12579,2026-03-01,1,2026-04-01,6984.0,6635.2,5.49,5.49
MC12579,2025-10-01,4,2026-05-01,3048.0,4503.4,5.245,5.49
MC12579,2025-12-01,3,2026-05-01,3048.0,4728.4,5.245,5.49
MC12579,2026-02-01,2,2026-05-01,3048.0,3866.7,5.245,5.49
MC12579,2026-04-01,1,2026-05-01,3048.0,6922.7,5.245,5.49
MC12579,2026-05-01,1,2026-05-01,3048.0,0.0,5.245,5.49
MC12579,2025-09-01,5,2026-06-01,6528.0,5090.2,6.49,5.49
MC12579,2025-11-01,4,2026-06-01,6528.0,5064.2,6.49,5.49
MC12579,2026-01-01,3,2026-06-01,6528.0,4493.6,6.49,5.49
MC12579,2026-03-01,2,2026-06-01,6528.0,4978.6,6.49,5.49
MC12579,2026-05-01,1,2026-06-01,6528.0,5929.8,6.49,5.49
MC12579,2026-06-01,1,2026-06-01,6528.0,6329.0,6.49,5.49
MC12579,2025-10-01,5,2026-07-01,3432.0,5070.5,5.74,5.49
MC12579,2025-12-01,4,2026-07-01,3432.0,5215.3,5.74,5.49
MC12579,2026-02-01,3,2026-07-01,3432.0,4149.5,5.74,5.49
MC12579,2026-04-01,2,2026-07-01,3432.0,5479.7,5.74,5.49
MC12579,2026-05-01,2,2026-07-01,3432.0,0.0,5.74,5.49
MC12579,2026-07-01,1,2026-07-01,3432.0,6631.0,5.74,5.49
MC12588,2025-09-01,1,2025-10-01,7632.0,5738.5,3.57,3.724
MC12588,2025-10-01,1,2025-11-01,20934.0,6467.4,3.843,3.724
MC12588,2025-09-01,2,2025-12-01,13104.0,5844.5,4.482,3.724
MC12588,2025-11-01,1,2025-12-01,13104.0,7341.3,4.482,3.724
MC12588,2025-10-01,2,2026-01-01,4944.0,6368.1,4.341,3.724
MC12588,2025-12-01,1,2026-01-01,4944.0,8917.8,4.341,3.724
MC12588,2025-09-01,3,2026-02-01,31824.0,6325.1,3.583,3.724
MC12588,2025-11-01,2,2026-02-01,31824.0,7500.4,3.583,3.724
MC12588,2026-01-01,1,2026-02-01,31824.0,9331.3,3.583,3.724
MC12588,2025-10-01,3,2026-03-01,27745.0,6360.5,3.861,3.724
MC12588,2025-12-01,2,2026-03-01,27745.0,7996.0,3.861,3.724
MC12588,2026-02-01,1,2026-03-01,27745.0,5981.6,3.861,3.724
MC12588,2025-09-01,4,2026-04-01,14760.0,6256.3,3.785,3.724
MC12588,2025-11-01,3,2026-04-01,14760.0,7126.4,3.785,3.724
MC12588,2026-01-01,2,2026-04-01,14760.0,9288.7,3.785,3.724
MC12588,2026-03-01,1,2026-04-01,14760.0,6937.8,3.785,3.724
MC12588,2025-10-01,4,2026-05-01,20376.0,6460.2,4.004,3.724
MC12588,2025-12-01,3,2026-05-01,20376.0,8183.1,4.004,3.724
MC12588,2026-02-01,2,2026-05-01,20376.0,5744.1,4.004,3.724
MC12588,2026-04-01,1,2026-05-01,20376.0,8727.7,4.004,3.724
MC12588,2026-05-01,1,2026-05-01,20376.0,0.0,4.004,3.724
MC12588,2025-09-01,5,2026-06-01,33552.0,6245.9,3.845,3.724
MC12588,2025-11-01,4,2026-06-01,33552.0,6652.0,3.845,3.724
MC12588,2026-01-01,3,2026-06-01,33552.0,9151.7,3.845,3.724
MC12588,2026-03-01,2,2026-06-01,33552.0,6621.4,3.845,3.724
MC12588,2026-05-01,1,2026-06-01,33552.0,7760.2,3.845,3.724
MC12588,2026-06-01,1,2026-06-01,33552.0,14828.0,3.845,3.724
MC12588,2025-10-01,5,2026-07-01,12696.0,6663.3,4.11,3.724
MC12588,2025-12-01,4,2026-07-01,12696.0,8019.3,4.11,3.724
MC12588,2026-02-01,3,2026-07-01,12696.0,5732.9,4.11,3.724
MC12588,2026-04-01,2,2026-07-01,12696.0,9179.2,4.11,3.724
MC12588,2026-05-01,2,2026-07-01,12696.0,0.0,4.11,3.724
MC12588,2026-07-01,1,2026-07-01,12696.0,24878.0,4.11,3.724
MC12593,2025-09-01,1,2025-10-01,7824.0,6237.1,4.138,3.714
MC12593,2025-10-01,1,2025-11-01,17208.0,6751.1,3.77,3.714
MC12593,2025-09-01,2,2025-12-01,15432.0,6379.6,3.954,3.714
MC12593,2025-11-01,1,2025-12-01,15432.0,8093.4,3.954,3.714
MC12593,2025-10-01,2,2026-01-01,3672.0,6714.1,4.409,3.714
MC12593,2025-12-01,1,2026-01-01,3672.0,8495.6,4.409,3.714
MC12593,2025-09-01,3,2026-02-01,25008.0,6969.1,3.625,3.714
MC12593,2025-11-01,2,2026-02-01,25008.0,7740.9,3.625,3.714
MC12593,2026-01-01,1,2026-02-01,25008.0,8602.2,3.625,3.714
MC12593,2025-10-01,3,2026-03-01,25632.0,6957.9,3.704,3.714
MC12593,2025-12-01,2,2026-03-01,25632.0,9087.8,3.704,3.714
MC12593,2026-02-01,1,2026-03-01,25632.0,7210.0,3.704,3.714
MC12593,2025-09-01,4,2026-04-01,13800.0,7494.1,3.78,3.714
MC12593,2025-11-01,3,2026-04-01,13800.0,8075.1,3.78,3.714
MC12593,2026-01-01,2,2026-04-01,13800.0,8105.1,3.78,3.714
MC12593,2026-03-01,1,2026-04-01,13800.0,8855.9,3.78,3.714
MC12593,2025-10-01,4,2026-05-01,11964.0,6959.6,4.01,3.714
MC12593,2025-12-01,3,2026-05-01,11964.0,8573.6,4.01,3.714
MC12593,2026-02-01,2,2026-05-01,11964.0,7334.3,4.01,3.714
MC12593,2026-04-01,1,2026-05-01,11964.0,9753.4,4.01,3.714
MC12593,2026-05-01,1,2026-05-01,11964.0,0.0,4.01,3.714
MC12593,2025-09-01,5,2026-06-01,30168.0,6856.1,3.847,3.714
MC12593,2025-11-01,4,2026-06-01,30168.0,8111.4,3.847,3.714
MC12593,2026-01-01,3,2026-06-01,30168.0,8285.4,3.847,3.714
MC12593,2026-03-01,2,2026-06-01,30168.0,8673.6,3.847,3.714
MC12593,2026-05-01,1,2026-06-01,30168.0,8545.8,3.847,3.714
MC12593,2026-06-01,1,2026-06-01,30168.0,13225.0,3.847,3.714
MC12593,2025-10-01,5,2026-07-01,12696.0,7192.2,4.055,3.714
MC12593,2025-12-01,4,2026-07-01,12696.0,8979.4,4.055,3.714
MC12593,2026-02-01,3,2026-07-01,12696.0,7376.4,4.055,3.714
MC12593,2026-04-01,2,2026-07-01,12696.0,10359.7,4.055,3.714
MC12593,2026-05-01,2,2026-07-01,12696.0,0.0,4.055,3.714
MC12593,2026-07-01,1,2026-07-01,12696.0,21028.0,4.055,3.714
MC12601,2025-09-01,1,2025-10-01,2352.0,2641.9,3.569,3.522
MC12601,2025-10-01,1,2025-11-01,5040.0,2187.3,3.804,3.522
MC12601,2025-09-01,2,2025-12-01,13728.0,2520.0,3.638,3.522
MC12601,2025-11-01,1,2025-12-01,13728.0,3078.1,3.638,3.522
MC12601,2025-10-01,2,2026-01-01,1992.0,2255.7,4.291,3.522
MC12601,2025-12-01,1,2026-01-01,1992.0,4183.0,4.291,3.522
MC12601,2025-09-01,3,2026-02-01,3984.0,2706.3,3.636,3.522
MC12601,2025-11-01,2,2026-02-01,3984.0,2967.5,3.636,3.522
MC12601,2026-01-01,1,2026-02-01,3984.0,3926.4,3.636,3.522
MC12601,2025-10-01,3,2026-03-01,6792.0,2279.4,3.619,3.522
MC12601,2025-12-01,2,2026-03-01,6792.0,4273.9,3.619,3.522
MC12601,2026-02-01,1,2026-03-01,6792.0,2577.5,3.619,3.522
MC12601,2025-09-01,4,2026-04-01,4968.0,2888.6,3.477,3.522
MC12601,2025-11-01,3,2026-04-01,4968.0,2824.0,3.477,3.522
MC12601,2026-01-01,2,2026-04-01,4968.0,3980.5,3.477,3.522
MC12601,2026-03-01,1,2026-04-01,4968.0,2812.5,3.477,3.522
MC12601,2025-10-01,4,2026-05-01,5808.0,2128.9,3.501,3.522
MC12601,2025-12-01,3,2026-05-01,5808.0,4430.7,3.501,3.522
MC12601,2026-02-01,2,2026-05-01,5808.0,2490.7,3.501,3.522
MC12601,2026-04-01,1,2026-05-01,5808.0,3278.3,3.501,3.522
MC12601,2026-05-01,1,2026-05-01,5808.0,0.0,3.501,3.522
MC12601,2025-09-01,5,2026-06-01,10824.0,2764.6,3.449,3.522
MC12601,2025-11-01,4,2026-06-01,10824.0,2848.7,3.449,3.522
MC12601,2026-01-01,3,2026-06-01,10824.0,3917.4,3.449,3.522
MC12601,2026-03-01,2,2026-06-01,10824.0,2679.0,3.449,3.522
MC12601,2026-05-01,1,2026-06-01,10824.0,3033.5,3.449,3.522
MC12601,2026-06-01,1,2026-06-01,10824.0,3734.0,3.449,3.522
MC12601,2025-10-01,5,2026-07-01,192.0,2214.7,3.893,3.522
MC12601,2025-12-01,4,2026-07-01,192.0,4624.9,3.893,3.522
MC12601,2026-02-01,3,2026-07-01,192.0,2441.5,3.893,3.522
MC12601,2026-04-01,2,2026-07-01,192.0,3236.2,3.893,3.522
MC12601,2026-05-01,2,2026-07-01,192.0,0.0,3.893,3.522
MC12601,2026-07-01,1,2026-07-01,192.0,7235.0,3.893,3.522
MC12603,2025-09-01,1,2025-10-01,1512.0,946.1,3.7,3.686
MC12603,2025-10-01,1,2025-11-01,888.0,967.9,4.378,3.686
MC12603,2025-09-01,2,2025-12-01,12792.0,1030.3,4.021,3.686
MC12603,2025-11-01,1,2025-12-01,12792.0,1597.6,4.021,3.686
MC12603,2025-10-01,2,2026-01-01,960.0,1161.7,4.424,3.686
MC12603,2025-12-01,1,2026-01-01,960.0,1906.7,4.424,3.686
MC12603,2025-09-01,3,2026-02-01,3264.0,1206.1,3.663,3.686
MC12603,2025-11-01,2,2026-02-01,3264.0,1222.5,3.663,3.686
MC12603,2026-01-01,1,2026-02-01,3264.0,2330.4,3.663,3.686
MC12603,2025-10-01,3,2026-03-01,3480.0,1174.5,3.935,3.686
MC12603,2025-12-01,2,2026-03-01,3480.0,1977.1,3.935,3.686
MC12603,2026-02-01,1,2026-03-01,3480.0,1495.5,3.935,3.686
MC12603,2025-09-01,4,2026-04-01,3648.0,1138.3,3.888,3.686
MC12603,2025-11-01,3,2026-04-01,3648.0,1291.4,3.888,3.686
MC12603,2026-01-01,2,2026-04-01,3648.0,2375.3,3.888,3.686
MC12603,2026-03-01,1,2026-04-01,3648.0,1649.4,3.888,3.686
MC12603,2025-10-01,4,2026-05-01,2400.0,1258.3,4.243,3.686
MC12603,2025-12-01,3,2026-05-01,2400.0,1937.9,4.243,3.686
MC12603,2026-02-01,2,2026-05-01,2400.0,1309.1,4.243,3.686
MC12603,2026-04-01,1,2026-05-01,2400.0,2114.3,4.243,3.686
MC12603,2026-05-01,1,2026-05-01,2400.0,0.0,4.243,3.686
MC12603,2025-09-01,5,2026-06-01,6144.0,1276.5,3.931,3.686
MC12603,2025-11-01,4,2026-06-01,6144.0,1242.3,3.931,3.686
MC12603,2026-01-01,3,2026-06-01,6144.0,2347.5,3.931,3.686
MC12603,2026-03-01,2,2026-06-01,6144.0,1489.0,3.931,3.686
MC12603,2026-05-01,1,2026-06-01,6144.0,1880.7,3.931,3.686
MC12603,2026-06-01,1,2026-06-01,6144.0,4878.0,3.931,3.686
MC12603,2025-10-01,5,2026-07-01,6192.0,1372.2,4.762,3.686
MC12603,2025-12-01,4,2026-07-01,6192.0,2008.4,4.762,3.686
MC12603,2026-02-01,3,2026-07-01,6192.0,1316.7,4.762,3.686
MC12603,2026-04-01,2,2026-07-01,6192.0,1923.7,4.762,3.686
MC12603,2026-05-01,2,2026-07-01,6192.0,0.0,4.762,3.686
MC12603,2026-07-01,1,2026-07-01,6192.0,2524.0,4.762,3.686
MC12710,2025-09-01,1,2025-10-01,4260.0,2971.7,3.0,2.799
MC12710,2025-10-01,1,2025-11-01,4800.0,3424.1,3.0,2.799
MC12710,2025-09-01,2,2025-12-01,4800.0,2870.0,3.0,2.799
MC12710,2025-11-01,1,2025-12-01,4800.0,3902.7,3.0,2.799
MC12710,2025-10-01,2,2026-01-01,2472.0,3756.2,2.948,2.799
MC12710,2025-12-01,1,2026-01-01,2472.0,4050.4,2.948,2.799
MC12710,2025-09-01,3,2026-02-01,2460.0,2842.0,3.25,2.799
MC12710,2025-11-01,2,2026-02-01,2460.0,4002.8,3.25,2.799
MC12710,2026-01-01,1,2026-02-01,2460.0,3568.9,3.25,2.799
MC12710,2025-10-01,3,2026-03-01,5352.0,3995.6,3.184,2.799
MC12710,2025-12-01,2,2026-03-01,5352.0,4079.6,3.184,2.799
MC12710,2026-02-01,1,2026-03-01,5352.0,3342.1,3.184,2.799
MC12710,2025-09-01,4,2026-04-01,4896.0,2819.4,3.123,2.799
MC12710,2025-11-01,3,2026-04-01,4896.0,3902.9,3.123,2.799
MC12710,2026-01-01,2,2026-04-01,4896.0,3383.5,3.123,2.799
MC12710,2026-03-01,1,2026-04-01,4896.0,3762.7,3.123,2.799
MC12710,2025-10-01,4,2026-05-01,4548.0,3861.0,3.129,2.799
MC12710,2025-12-01,3,2026-05-01,4548.0,3911.7,3.129,2.799
MC12710,2026-02-01,2,2026-05-01,4548.0,3263.9,3.129,2.799
MC12710,2026-04-01,1,2026-05-01,4548.0,3794.3,3.129,2.799
MC12710,2025-09-01,5,2026-06-01,2028.0,2744.4,2.727,2.799
MC12710,2025-11-01,4,2026-06-01,2028.0,3785.5,2.727,2.799
MC12710,2026-01-01,3,2026-06-01,2028.0,3552.5,2.727,2.799
MC12710,2026-03-01,2,2026-06-01,2028.0,3166.0,2.727,2.799
MC12710,2026-05-01,1,2026-06-01,2028.0,4087.2,2.727,2.799
MC12710,2026-06-01,1,2026-06-01,2028.0,4207.0,2.727,2.799
MC12710,2025-10-01,5,2026-07-01,4236.0,3633.7,3.113,2.799
MC12710,2025-12-01,4,2026-07-01,4236.0,3984.8,3.113,2.799
MC12710,2026-02-01,3,2026-07-01,4236.0,3279.3,3.113,2.799
MC12710,2026-04-01,2,2026-07-01,4236.0,3635.9,3.113,2.799
MC12710,2026-07-01,1,2026-07-01,4236.0,3795.0,3.113,2.799
MC12998,2025-09-01,1,2025-10-01,17824.0,40583.7,3.081,3.074
MC12998,2025-10-01,1,2025-11-01,51680.0,32811.0,3.196,3.074
MC12998,2025-09-01,2,2025-12-01,24096.0,42448.8,3.099,3.074
MC12998,2025-11-01,1,2025-12-01,24096.0,33393.1,3.099,3.074
MC12998,2025-10-01,2,2026-01-01,60768.0,29264.8,3.162,3.074
MC12998,2025-12-01,1,2026-01-01,60768.0,33931.1,3.162,3.074
MC12998,2025-09-01,3,2026-02-01,31680.0,41168.5,3.044,3.074
MC12998,2025-11-01,2,2026-02-01,31680.0,36046.1,3.044,3.074
MC12998,2026-01-01,1,2026-02-01,31680.0,36395.6,3.044,3.074
MC12998,2025-10-01,3,2026-03-01,28992.0,31651.9,3.057,3.074
MC12998,2025-12-01,2,2026-03-01,28992.0,29244.3,3.057,3.074
MC12998,2026-02-01,1,2026-03-01,28992.0,35955.4,3.057,3.074
MC12998,2025-09-01,4,2026-04-01,21216.0,41798.6,3.081,3.074
MC12998,2025-11-01,3,2026-04-01,21216.0,35705.1,3.081,3.074
MC12998,2026-01-01,2,2026-04-01,21216.0,38116.4,3.081,3.074
MC12998,2026-03-01,1,2026-04-01,21216.0,32642.3,3.081,3.074
MC12998,2025-10-01,4,2026-05-01,22528.0,30458.6,3.15,3.074
MC12998,2025-12-01,3,2026-05-01,22528.0,37436.1,3.15,3.074
MC12998,2026-02-01,2,2026-05-01,22528.0,34396.3,3.15,3.074
MC12998,2026-04-01,1,2026-05-01,22528.0,30676.5,3.15,3.074
MC12998,2026-05-01,1,2026-05-01,22528.0,0.0,3.15,3.074
MC12998,2025-09-01,5,2026-06-01,24992.0,40332.1,3.14,3.074
MC12998,2025-11-01,4,2026-06-01,24992.0,36492.5,3.14,3.074
MC12998,2026-01-01,3,2026-06-01,24992.0,36994.8,3.14,3.074
MC12998,2026-03-01,2,2026-06-01,24992.0,34809.8,3.14,3.074
MC12998,2026-05-01,1,2026-06-01,24992.0,32160.0,3.14,3.074
MC12998,2026-06-01,1,2026-06-01,24992.0,34467.0,3.14,3.074
MC12998,2025-10-01,5,2026-07-01,27520.0,32355.6,2.77,3.074
MC12998,2025-12-01,4,2026-07-01,27520.0,31694.1,2.77,3.074
MC12998,2026-02-01,3,2026-07-01,27520.0,35634.3,2.77,3.074
MC12998,2026-04-01,2,2026-07-01,27520.0,35778.6,2.77,3.074
MC12998,2026-05-01,2,2026-07-01,27520.0,0.0,2.77,3.074
MC12998,2026-07-01,1,2026-07-01,27520.0,29691.0,2.77,3.074
MC13003,2025-09-01,1,2025-10-01,38232.0,32672.7,2.997,3.138
MC13003,2025-10-01,1,2025-11-01,37152.0,34596.2,3.038,3.138
MC13003,2025-09-01,2,2025-12-01,20400.0,32318.1,2.934,3.138
MC13003,2025-11-01,1,2025-12-01,20400.0,34866.1,2.934,3.138
MC13003,2025-10-01,2,2026-01-01,34368.0,33062.4,3.181,3.138
MC13003,2025-12-01,1,2026-01-01,34368.0,33723.0,3.181,3.138
MC13003,2025-09-01,3,2026-02-01,28248.0,30366.4,3.106,3.138
MC13003,2025-11-01,2,2026-02-01,28248.0,35548.1,3.106,3.138
MC13003,2026-01-01,1,2026-02-01,28248.0,33506.4,3.106,3.138
MC13003,2025-10-01,3,2026-03-01,27360.0,34105.6,3.164,3.138
MC13003,2025-12-01,2,2026-03-01,27360.0,30884.8,3.164,3.138
MC13003,2026-02-01,1,2026-03-01,27360.0,23335.5,3.164,3.138
MC13003,2025-09-01,4,2026-04-01,50304.0,32399.1,3.079,3.138
MC13003,2025-11-01,3,2026-04-01,50304.0,35007.5,3.079,3.138
MC13003,2026-01-01,2,2026-04-01,50304.0,35175.2,3.079,3.138
MC13003,2026-03-01,1,2026-04-01,50304.0,21151.8,3.079,3.138
MC13003,2025-10-01,4,2026-05-01,28536.0,34256.1,3.044,3.138
MC13003,2025-12-01,3,2026-05-01,28536.0,32174.2,3.044,3.138
MC13003,2026-02-01,2,2026-05-01,28536.0,24008.5,3.044,3.138
MC13003,2026-04-01,1,2026-05-01,28536.0,26389.0,3.044,3.138
MC13003,2026-05-01,1,2026-05-01,28536.0,0.0,3.044,3.138
MC13003,2025-09-01,5,2026-06-01,35280.0,32186.1,3.15,3.138
MC13003,2025-11-01,4,2026-06-01,35280.0,35261.6,3.15,3.138
MC13003,2026-01-01,3,2026-06-01,35280.0,34684.1,3.15,3.138
MC13003,2026-03-01,2,2026-06-01,35280.0,21886.3,3.15,3.138
MC13003,2026-05-01,1,2026-06-01,35280.0,24097.1,3.15,3.138
MC13003,2026-06-01,1,2026-06-01,35280.0,42531.0,3.15,3.138
MC13003,2025-10-01,5,2026-07-01,61002.0,32937.9,3.075,3.138
MC13003,2025-12-01,4,2026-07-01,61002.0,31492.4,3.075,3.138
MC13003,2026-02-01,3,2026-07-01,61002.0,25830.6,3.075,3.138
MC13003,2026-04-01,2,2026-07-01,61002.0,26087.4,3.075,3.138
MC13003,2026-05-01,2,2026-07-01,61002.0,0.0,3.075,3.138
MC13003,2026-07-01,1,2026-07-01,61002.0,40545.0,3.075,3.138
MC13006,2025-09-01,1,2025-10-01,32128.0,20660.4,3.0,2.993
MC13006,2025-10-01,1,2025-11-01,13376.0,28861.4,3.0,2.993
MC13006,2025-09-01,2,2025-12-01,5120.0,21858.9,3.0,2.993
MC13006,2025-11-01,1,2025-12-01,5120.0,22916.0,3.0,2.993
MC13006,2025-10-01,2,2026-01-01,8000.0,30129.8,3.0,2.993
MC13006,2025-12-01,1,2026-01-01,8000.0,24638.8,3.0,2.993
MC13006,2025-09-01,3,2026-02-01,48288.0,19798.0,3.0,2.993
MC13006,2025-11-01,2,2026-02-01,48288.0,23558.6,3.0,2.993
MC13006,2026-01-01,1,2026-02-01,48288.0,21687.8,3.0,2.993
MC13006,2025-10-01,3,2026-03-01,16864.0,29275.7,3.0,2.993
MC13006,2025-12-01,2,2026-03-01,16864.0,26619.2,3.0,2.993
MC13006,2026-02-01,1,2026-03-01,16864.0,29067.2,3.0,2.993
MC13006,2025-09-01,4,2026-04-01,11744.0,20196.8,3.0,2.993
MC13006,2025-11-01,3,2026-04-01,11744.0,21426.0,3.0,2.993
MC13006,2026-01-01,2,2026-04-01,11744.0,21840.1,3.0,2.993
MC13006,2026-03-01,1,2026-04-01,11744.0,19331.9,3.0,2.993
MC13006,2025-10-01,4,2026-05-01,20640.0,27764.4,3.0,2.993
MC13006,2025-12-01,3,2026-05-01,20640.0,27179.0,3.0,2.993
MC13006,2026-02-01,2,2026-05-01,20640.0,28266.6,3.0,2.993
MC13006,2026-04-01,1,2026-05-01,20640.0,17003.7,3.0,2.993
MC13006,2026-05-01,1,2026-05-01,20640.0,0.0,3.0,2.993
MC13006,2025-09-01,5,2026-06-01,15872.0,18898.1,3.0,2.993
MC13006,2025-11-01,4,2026-06-01,15872.0,19005.5,3.0,2.993
MC13006,2026-01-01,3,2026-06-01,15872.0,21296.2,3.0,2.993
MC13006,2026-03-01,2,2026-06-01,15872.0,20032.0,3.0,2.993
MC13006,2026-05-01,1,2026-06-01,15872.0,22068.5,3.0,2.993
MC13006,2026-06-01,1,2026-06-01,15872.0,23639.0,3.0,2.993
MC13006,2025-10-01,5,2026-07-01,3936.0,26861.0,3.0,2.993
MC13006,2025-12-01,4,2026-07-01,3936.0,24644.4,3.0,2.993
MC13006,2026-02-01,3,2026-07-01,3936.0,28856.7,3.0,2.993
MC13006,2026-04-01,2,2026-07-01,3936.0,20538.3,3.0,2.993
MC13006,2026-05-01,2,2026-07-01,3936.0,0.0,3.0,2.993
MC13006,2026-07-01,1,2026-07-01,3936.0,20504.0,3.0,2.993
MC13012,2025-09-01,1,2025-10-01,10144.0,2936.7,3.046,3.015
MC13012,2025-10-01,1,2025-11-01,2368.0,4678.8,3.137,3.015
MC13012,2025-09-01,2,2025-12-01,5696.0,3007.1,2.96,3.015
MC13012,2025-11-01,1,2025-12-01,5696.0,3814.8,2.96,3.015
MC13012,2025-10-01,2,2026-01-01,2112.0,4788.9,3.063,3.015
MC13012,2025-12-01,1,2026-01-01,2112.0,5926.1,3.063,3.015
MC13012,2025-09-01,3,2026-02-01,5184.0,3297.3,2.93,3.015
MC13012,2025-11-01,2,2026-02-01,5184.0,3893.4,2.93,3.015
MC13012,2026-01-01,1,2026-02-01,5184.0,5009.7,2.93,3.015
MC13012,2025-10-01,3,2026-03-01,1824.0,4906.0,3.02,3.015
MC13012,2025-12-01,2,2026-03-01,1824.0,6061.8,3.02,3.015
MC13012,2026-02-01,1,2026-03-01,1824.0,4608.2,3.02,3.015
MC13012,2025-09-01,4,2026-04-01,1760.0,3384.3,2.772,3.015
MC13012,2025-11-01,3,2026-04-01,1760.0,3844.3,2.772,3.015
MC13012,2026-01-01,2,2026-04-01,1760.0,5163.3,2.772,3.015
MC13012,2026-03-01,1,2026-04-01,1760.0,3989.0,2.772,3.015
MC13012,2025-10-01,4,2026-05-01,448.0,5314.3,2.98,3.015
MC13012,2025-12-01,3,2026-05-01,448.0,6143.4,2.98,3.015
MC13012,2026-02-01,2,2026-05-01,448.0,4677.9,2.98,3.015
MC13012,2026-04-01,1,2026-05-01,448.0,3683.9,2.98,3.015
MC13012,2026-05-01,1,2026-05-01,448.0,0.0,2.98,3.015
MC13012,2025-09-01,5,2026-06-01,2432.0,3540.9,3.0,3.015
MC13012,2025-11-01,4,2026-06-01,2432.0,4183.9,3.0,3.015
MC13012,2026-01-01,3,2026-06-01,2432.0,5389.0,3.0,3.015
MC13012,2026-03-01,2,2026-06-01,2432.0,3742.0,3.0,3.015
MC13012,2026-05-01,1,2026-06-01,2432.0,2923.4,3.0,3.015
MC13012,2026-06-01,1,2026-06-01,2432.0,3041.0,3.0,3.015
MC13012,2025-10-01,5,2026-07-01,9984.0,5378.0,2.784,3.015
MC13012,2025-12-01,4,2026-07-01,9984.0,6139.8,2.784,3.015
MC13012,2026-02-01,3,2026-07-01,9984.0,4515.6,2.784,3.015
MC13012,2026-04-01,2,2026-07-01,9984.0,3478.5,2.784,3.015
MC13012,2026-05-01,2,2026-07-01,9984.0,0.0,2.784,3.015
MC13012,2026-07-01,1,2026-07-01,9984.0,3117.0,2.784,3.015
MC13016,2025-09-01,1,2025-10-01,9960.0,7652.1,3.2,3.178
MC13016,2025-10-01,1,2025-11-01,8904.0,7686.7,3.186,3.178
MC13016,2025-09-01,2,2025-12-01,6864.0,7405.3,3.231,3.178
MC13016,2025-11-01,1,2025-12-01,6864.0,8473.6,3.231,3.178
MC13016,2025-10-01,2,2026-01-01,2616.0,7784.2,3.324,3.178
MC13016,2025-12-01,1,2026-01-01,2616.0,8233.0,3.324,3.178
MC13016,2025-09-01,3,2026-02-01,5640.0,6849.8,3.172,3.178
MC13016,2025-11-01,2,2026-02-01,5640.0,8581.1,3.172,3.178
MC13016,2026-01-01,1,2026-02-01,5640.0,6800.0,3.172,3.178
MC13016,2025-10-01,3,2026-03-01,17136.0,8648.2,3.284,3.178
MC13016,2025-12-01,2,2026-03-01,17136.0,8162.7,3.284,3.178
MC13016,2026-02-01,1,2026-03-01,17136.0,3937.9,3.284,3.178
MC13016,2025-09-01,4,2026-04-01,6480.0,7302.1,3.166,3.178
MC13016,2025-11-01,3,2026-04-01,6480.0,8060.8,3.166,3.178
MC13016,2026-01-01,2,2026-04-01,6480.0,6739.2,3.166,3.178
MC13016,2026-03-01,1,2026-04-01,6480.0,6056.6,3.166,3.178
MC13016,2025-10-01,4,2026-05-01,3408.0,8253.5,3.321,3.178
MC13016,2025-12-01,3,2026-05-01,3408.0,8549.2,3.321,3.178
MC13016,2026-02-01,2,2026-05-01,3408.0,3996.2,3.321,3.178
MC13016,2026-04-01,1,2026-05-01,3408.0,6042.5,3.321,3.178
MC13016,2026-05-01,1,2026-05-01,3408.0,0.0,3.321,3.178
MC13016,2025-09-01,5,2026-06-01,7176.0,6994.9,3.202,3.178
MC13016,2025-11-01,4,2026-06-01,7176.0,8146.9,3.202,3.178
MC13016,2026-01-01,3,2026-06-01,7176.0,6729.8,3.202,3.178
MC13016,2026-03-01,2,2026-06-01,7176.0,6168.0,3.202,3.178
MC13016,2026-05-01,1,2026-06-01,7176.0,4856.0,3.202,3.178
MC13016,2026-06-01,1,2026-06-01,7176.0,9511.0,3.202,3.178
MC13016,2025-10-01,5,2026-07-01,8881.0,8381.2,3.273,3.178
MC13016,2025-12-01,4,2026-07-01,8881.0,8388.4,3.273,3.178
MC13016,2026-02-01,3,2026-07-01,8881.0,3732.4,3.273,3.178
MC13016,2026-04-01,2,2026-07-01,8881.0,6701.5,3.273,3.178
MC13016,2026-05-01,2,2026-07-01,8881.0,0.0,3.273,3.178
MC13016,2026-07-01,1,2026-07-01,8881.0,7568.0,3.273,3.178
MC13024,2025-09-01,1,2025-10-01,832.0,246.1,3.075,2.96
MC13024,2025-10-01,1,2025-11-01,928.0,497.5,3.0,2.96
MC13024,2025-09-01,2,2025-12-01,1856.0,355.0,2.842,2.96
MC13024,2025-11-01,1,2025-12-01,1856.0,658.1,2.842,2.96
MC13024,2025-10-01,2,2026-01-01,96.0,623.9,3.15,2.96
MC13024,2025-12-01,1,2026-01-01,96.0,1285.9,3.15,2.96
MC13024,2025-09-01,3,2026-02-01,832.0,324.9,2.894,2.96
MC13024,2025-11-01,2,2026-02-01,832.0,620.8,2.894,2.96
MC13024,2026-01-01,1,2026-02-01,832.0,1126.8,2.894,2.96
MC13024,2025-10-01,3,2026-03-01,480.0,625.0,3.375,2.96
MC13024,2025-12-01,2,2026-03-01,480.0,1402.5,3.375,2.96
MC13024,2026-02-01,1,2026-03-01,480.0,605.3,3.375,2.96
MC13024,2025-09-01,4,2026-04-01,704.0,349.2,2.842,2.96
MC13024,2025-11-01,3,2026-04-01,704.0,656.6,2.842,2.96
MC13024,2026-01-01,2,2026-04-01,704.0,1150.3,2.842,2.96
MC13024,2025-10-01,4,2026-05-01,640.0,567.6,3.155,2.96
MC13024,2025-12-01,3,2026-05-01,640.0,1451.9,3.155,2.96
MC13024,2026-02-01,2,2026-05-01,640.0,647.0,3.155,2.96
MC13024,2026-05-01,1,2026-05-01,640.0,0.0,3.155,2.96
MC13024,2025-09-01,5,2026-06-01,2176.0,332.1,3.142,2.96
MC13024,2025-11-01,4,2026-06-01,2176.0,636.4,3.142,2.96
MC13024,2026-01-01,3,2026-06-01,2176.0,1197.1,3.142,2.96
MC13024,2026-06-01,1,2026-06-01,2176.0,1760.0,3.142,2.96
MC13024,2025-10-01,5,2026-07-01,1856.0,548.1,2.763,2.96
MC13024,2025-12-01,4,2026-07-01,1856.0,1524.2,2.763,2.96
MC13024,2026-02-01,3,2026-07-01,1856.0,618.1,2.763,2.96
MC13024,2026-05-01,2,2026-07-01,1856.0,0.0,2.763,2.96
MC13024,2026-07-01,1,2026-07-01,1856.0,1090.0,2.763,2.96
MC13028,2025-09-01,1,2025-10-01,3816.0,1672.9,3.075,3.091
MC13028,2025-10-01,1,2025-11-01,5232.0,2023.5,3.017,3.091
MC13028,2025-09-01,2,2025-12-01,0.0,1538.8,,3.091
MC13028,2025-11-01,1,2025-12-01,0.0,2579.5,,3.091
MC13028,2025-10-01,2,2026-01-01,3072.0,2082.2,3.017,3.091
MC13028,2025-12-01,1,2026-01-01,3072.0,2590.5,3.017,3.091
MC13028,2025-09-01,3,2026-02-01,5136.0,1483.3,2.967,3.091
MC13028,2025-11-01,2,2026-02-01,5136.0,2730.6,2.967,3.091
MC13028,2026-01-01,1,2026-02-01,5136.0,2463.1,2.967,3.091
MC13028,2025-10-01,3,2026-03-01,168.0,2329.7,3.296,3.091
MC13028,2025-12-01,2,2026-03-01,168.0,2401.7,3.296,3.091
MC13028,2026-02-01,1,2026-03-01,168.0,2808.2,3.296,3.091
MC13028,2025-09-01,4,2026-04-01,3240.0,1490.4,3.05,3.091
MC13028,2025-11-01,3,2026-04-01,3240.0,2800.5,3.05,3.091
MC13028,2026-01-01,2,2026-04-01,3240.0,2539.5,3.05,3.091
MC13028,2026-03-01,1,2026-04-01,3240.0,2741.9,3.05,3.091
MC13028,2025-10-01,4,2026-05-01,2232.0,2287.0,2.775,3.091
MC13028,2025-12-01,3,2026-05-01,2232.0,2654.8,2.775,3.091
MC13028,2026-02-01,2,2026-05-01,2232.0,3408.7,2.775,3.091
MC13028,2026-04-01,1,2026-05-01,2232.0,2931.8,2.775,3.091
MC13028,2026-05-01,1,2026-05-01,2232.0,0.0,2.775,3.091
MC13028,2025-09-01,5,2026-06-01,3528.0,1594.2,2.997,3.091
MC13028,2025-11-01,4,2026-06-01,3528.0,2767.0,2.997,3.091
MC13028,2026-01-01,3,2026-06-01,3528.0,2620.4,2.997,3.091
MC13028,2026-03-01,2,2026-06-01,3528.0,2749.8,2.997,3.091
MC13028,2026-05-01,1,2026-06-01,3528.0,2802.7,2.997,3.091
MC13028,2026-06-01,1,2026-06-01,3528.0,2772.0,2.997,3.091
MC13028,2025-10-01,5,2026-07-01,3697.0,2425.1,3.171,3.091
MC13028,2025-12-01,4,2026-07-01,3697.0,2668.1,3.171,3.091
MC13028,2026-02-01,3,2026-07-01,3697.0,3340.7,3.171,3.091
MC13028,2026-04-01,2,2026-07-01,3697.0,2580.8,3.171,3.091
MC13028,2026-05-01,2,2026-07-01,3697.0,0.0,3.171,3.091
MC13028,2026-07-01,1,2026-07-01,3697.0,2912.0,3.171,3.091
MC13037,2025-09-01,1,2025-10-01,672.0,864.9,3.107,3.37
MC13037,2025-10-01,1,2025-11-01,312.0,851.6,3.375,3.37
MC13037,2025-09-01,2,2025-12-01,456.0,900.2,3.375,3.37
MC13037,2025-11-01,1,2025-12-01,456.0,710.8,3.375,3.37
MC13037,2025-10-01,2,2026-01-01,432.0,837.7,3.279,3.37
MC13037,2025-12-01,1,2026-01-01,432.0,641.8,3.279,3.37
MC13037,2025-09-01,3,2026-02-01,14424.0,968.2,3.211,3.37
MC13037,2025-11-01,2,2026-02-01,14424.0,805.1,3.211,3.37
MC13037,2026-01-01,1,2026-02-01,14424.0,655.2,3.211,3.37
MC13037,2025-10-01,3,2026-03-01,432.0,847.0,3.272,3.37
MC13037,2025-12-01,2,2026-03-01,432.0,694.0,3.272,3.37
MC13037,2026-02-01,1,2026-03-01,432.0,618.6,3.272,3.37
MC13037,2025-09-01,4,2026-04-01,2184.0,1017.8,3.133,3.37
MC13037,2025-11-01,3,2026-04-01,2184.0,790.0,3.133,3.37
MC13037,2026-01-01,2,2026-04-01,2184.0,700.7,3.133,3.37
MC13037,2026-03-01,1,2026-04-01,2184.0,644.4,3.133,3.37
MC13037,2025-10-01,4,2026-05-01,624.0,876.4,3.34,3.37
MC13037,2025-12-01,3,2026-05-01,624.0,735.4,3.34,3.37
MC13037,2026-02-01,2,2026-05-01,624.0,593.6,3.34,3.37
MC13037,2026-04-01,1,2026-05-01,624.0,607.8,3.34,3.37
MC13037,2026-05-01,1,2026-05-01,624.0,0.0,3.34,3.37
MC13037,2025-09-01,5,2026-06-01,6168.0,1006.2,3.209,3.37
MC13037,2025-11-01,4,2026-06-01,6168.0,851.5,3.209,3.37
MC13037,2026-01-01,3,2026-06-01,6168.0,688.0,3.209,3.37
MC13037,2026-03-01,2,2026-06-01,6168.0,609.7,3.209,3.37
MC13037,2026-05-01,1,2026-06-01,6168.0,647.3,3.209,3.37
MC13037,2026-06-01,1,2026-06-01,6168.0,2230.0,3.209,3.37
MC13037,2025-10-01,5,2026-07-01,1321.0,890.0,3.333,3.37
MC13037,2025-12-01,4,2026-07-01,1321.0,770.2,3.333,3.37
MC13037,2026-02-01,3,2026-07-01,1321.0,598.2,3.333,3.37
MC13037,2026-04-01,2,2026-07-01,1321.0,634.7,3.333,3.37
MC13037,2026-05-01,2,2026-07-01,1321.0,0.0,3.333,3.37
MC13037,2026-07-01,1,2026-07-01,1321.0,3090.0,3.333,3.37
MC13060,2025-09-01,1,2025-10-01,3104.0,1681.6,3.175,2.981
MC13060,2025-10-01,1,2025-11-01,384.0,2191.2,3.15,2.981
MC13060,2025-09-01,2,2025-12-01,4128.0,1656.9,2.945,2.981
MC13060,2025-11-01,1,2025-12-01,4128.0,1876.6,2.945,2.981
MC13060,2025-10-01,2,2026-01-01,2400.0,2152.1,3.183,2.981
MC13060,2025-12-01,1,2026-01-01,2400.0,3243.5,3.183,2.981
MC13060,2025-09-01,3,2026-02-01,3808.0,1734.6,2.772,2.981
MC13060,2025-11-01,2,2026-02-01,3808.0,1873.5,2.772,2.981
MC13060,2026-01-01,1,2026-02-01,3808.0,2833.5,2.772,2.981
MC13060,2025-10-01,3,2026-03-01,704.0,2325.7,3.058,2.981
MC13060,2025-12-01,2,2026-03-01,704.0,3261.3,3.058,2.981
MC13060,2026-02-01,1,2026-03-01,704.0,2833.9,3.058,2.981
MC13060,2025-09-01,4,2026-04-01,1504.0,1836.3,2.625,2.981
MC13060,2025-11-01,3,2026-04-01,1504.0,1727.5,2.625,2.981
MC13060,2026-01-01,2,2026-04-01,1504.0,2732.3,2.625,2.981
MC13060,2026-03-01,1,2026-04-01,1504.0,2278.8,2.625,2.981
MC13060,2025-10-01,4,2026-05-01,448.0,2508.5,3.09,2.981
MC13060,2025-12-01,3,2026-05-01,448.0,3133.8,3.09,2.981
MC13060,2026-02-01,2,2026-05-01,448.0,2865.6,3.09,2.981
MC13060,2026-04-01,1,2026-05-01,448.0,2310.3,3.09,2.981
MC13060,2026-05-01,1,2026-05-01,448.0,0.0,3.09,2.981
MC13060,2025-09-01,5,2026-06-01,2528.0,1943.7,2.979,2.981
MC13060,2025-11-01,4,2026-06-01,2528.0,1793.4,2.979,2.981
MC13060,2026-01-01,3,2026-06-01,2528.0,2839.9,2.979,2.981
MC13060,2026-03-01,2,2026-06-01,2528.0,2125.6,2.979,2.981
MC13060,2026-05-01,1,2026-06-01,2528.0,1675.3,2.979,2.981
MC13060,2026-06-01,1,2026-06-01,2528.0,1760.0,2.979,2.981
MC13060,2025-10-01,5,2026-07-01,1152.0,2407.9,2.556,2.981
MC13060,2025-12-01,4,2026-07-01,1152.0,3158.6,2.556,2.981
MC13060,2026-02-01,3,2026-07-01,1152.0,2785.0,2.556,2.981
MC13060,2026-04-01,2,2026-07-01,1152.0,2111.3,2.556,2.981
MC13060,2026-05-01,2,2026-07-01,1152.0,0.0,2.556,2.981
MC13060,2026-07-01,1,2026-07-01,1152.0,2126.0,2.556,2.981
MC13148,2025-09-01,1,2025-10-01,216.0,60.6,3.189,3.241
MC13148,2025-10-01,1,2025-11-01,96.0,125.8,3.5,3.241
MC13148,2025-09-01,2,2025-12-01,96.0,159.3,3.5,3.241
MC13148,2025-11-01,1,2025-12-01,96.0,123.1,3.5,3.241
MC13148,2025-10-01,2,2026-01-01,24.0,217.5,3.5,3.241
MC13148,2025-12-01,1,2026-01-01,24.0,156.5,3.5,3.241
MC13148,2025-09-01,3,2026-02-01,240.0,149.4,3.25,3.241
MC13148,2025-11-01,2,2026-02-01,240.0,210.3,3.25,3.241
MC13148,2026-01-01,1,2026-02-01,240.0,145.6,3.25,3.241
MC13148,2025-10-01,3,2026-03-01,336.0,209.5,3.215,3.241
MC13148,2025-12-01,2,2026-03-01,336.0,203.2,3.215,3.241
MC13148,2026-02-01,1,2026-03-01,336.0,218.5,3.215,3.241
MC13148,2025-09-01,4,2026-04-01,216.0,164.4,3.25,3.241
MC13148,2025-11-01,3,2026-04-01,216.0,232.1,3.25,3.241
MC13148,2026-01-01,2,2026-04-01,216.0,184.4,3.25,3.241
MC13148,2026-03-01,1,2026-04-01,216.0,90.4,3.25,3.241
MC13148,2025-10-01,4,2026-05-01,720.0,215.8,3.11,3.241
MC13148,2025-12-01,3,2026-05-01,720.0,164.6,3.11,3.241
MC13148,2026-02-01,2,2026-05-01,720.0,221.4,3.11,3.241
MC13148,2026-04-01,1,2026-05-01,720.0,86.4,3.11,3.241
MC13148,2026-05-01,1,2026-05-01,720.0,0.0,3.11,3.241
MC13148,2025-09-01,5,2026-06-01,96.0,174.3,3.35,3.241
MC13148,2025-11-01,4,2026-06-01,96.0,243.1,3.35,3.241
MC13148,2026-01-01,3,2026-06-01,96.0,160.7,3.35,3.241
MC13148,2026-03-01,2,2026-06-01,96.0,94.2,3.35,3.241
MC13148,2026-05-01,1,2026-06-01,96.0,104.2,3.35,3.241
MC13148,2026-06-01,1,2026-06-01,96.0,177.0,3.35,3.241
MC13148,2025-10-01,5,2026-07-01,216.0,212.6,3.134,3.241
MC13148,2025-12-01,4,2026-07-01,216.0,173.8,3.134,3.241
MC13148,2026-02-01,3,2026-07-01,216.0,223.9,3.134,3.241
MC13148,2026-04-01,2,2026-07-01,216.0,92.6,3.134,3.241
MC13148,2026-05-01,2,2026-07-01,216.0,0.0,3.134,3.241
MC13148,2026-07-01,1,2026-07-01,216.0,196.0,3.134,3.241
MC13177,2025-09-01,1,2025-10-01,24.0,144.1,2.8,2.972
MC13177,2025-10-01,1,2025-11-01,552.0,160.9,2.845,2.972
MC13177,2025-09-01,2,2025-12-01,5208.0,198.3,2.957,2.972
MC13177,2025-11-01,1,2025-12-01,5208.0,507.2,2.957,2.972
MC13177,2025-10-01,2,2026-01-01,1008.0,209.1,2.932,2.972
MC13177,2025-12-01,1,2026-01-01,1008.0,3973.1,2.932,2.972
MC13177,2025-09-01,3,2026-02-01,48.0,210.8,3.15,2.972
MC13177,2025-11-01,2,2026-02-01,48.0,654.1,3.15,2.972
MC13177,2026-01-01,1,2026-02-01,48.0,2606.9,3.15,2.972
MC13177,2025-10-01,3,2026-03-01,552.0,249.6,2.98,2.972
MC13177,2025-12-01,2,2026-03-01,552.0,4035.4,2.98,2.972
MC13177,2026-02-01,1,2026-03-01,552.0,146.9,2.98,2.972
MC13177,2025-09-01,4,2026-04-01,2784.0,206.7,2.957,2.972
MC13177,2025-11-01,3,2026-04-01,2784.0,764.4,2.957,2.972
MC13177,2026-01-01,2,2026-04-01,2784.0,3037.4,2.957,2.972
MC13177,2026-03-01,1,2026-04-01,2784.0,120.0,2.957,2.972
MC13177,2025-10-01,4,2026-05-01,2256.0,273.6,2.93,2.972
MC13177,2025-12-01,3,2026-05-01,2256.0,3900.1,2.93,2.972
MC13177,2026-02-01,2,2026-05-01,2256.0,147.6,2.93,2.972
MC13177,2026-04-01,1,2026-05-01,2256.0,120.8,2.93,2.972
MC13177,2026-05-01,1,2026-05-01,2256.0,0.0,2.93,2.972
MC13177,2025-09-01,5,2026-06-01,3120.0,231.6,3.01,2.972
MC13177,2025-11-01,4,2026-06-01,3120.0,815.4,3.01,2.972
MC13177,2026-01-01,3,2026-06-01,3120.0,3061.4,3.01,2.972
MC13177,2026-03-01,2,2026-06-01,3120.0,128.5,3.01,2.972
MC13177,2026-05-01,1,2026-06-01,3120.0,136.4,3.01,2.972
MC13177,2026-06-01,1,2026-06-01,3120.0,4021.0,3.01,2.972
MC13177,2025-10-01,5,2026-07-01,1752.0,269.1,2.952,2.972
MC13177,2025-12-01,4,2026-07-01,1752.0,3914.1,2.952,2.972
MC13177,2026-02-01,3,2026-07-01,1752.0,146.5,2.952,2.972
MC13177,2026-04-01,2,2026-07-01,1752.0,133.4,2.952,2.972
MC13177,2026-05-01,2,2026-07-01,1752.0,0.0,2.952,2.972
MC13177,2026-07-01,1,2026-07-01,1752.0,3843.0,2.952,2.972
MC13180,2025-09-01,1,2025-10-01,224.0,350.1,2.8,3.051
MC13180,2025-10-01,1,2025-11-01,320.0,294.2,3.15,3.051
MC13180,2025-09-01,2,2025-12-01,608.0,337.5,3.15,3.051
MC13180,2025-11-01,1,2025-12-01,608.0,306.7,3.15,3.051
MC13180,2025-10-01,2,2026-01-01,224.0,295.8,3.063,3.051
MC13180,2025-12-01,1,2026-01-01,224.0,808.0,3.063,3.051
MC13180,2025-09-01,3,2026-02-01,544.0,359.6,3.145,3.051
MC13180,2025-11-01,2,2026-02-01,544.0,335.1,3.145,3.051
MC13180,2026-01-01,1,2026-02-01,544.0,630.9,3.145,3.051
MC13180,2025-10-01,3,2026-03-01,384.0,335.5,3.087,3.051
MC13180,2025-12-01,2,2026-03-01,384.0,838.5,3.087,3.051
MC13180,2026-02-01,1,2026-03-01,384.0,474.9,3.087,3.051
MC13180,2025-09-01,4,2026-04-01,448.0,374.9,3.145,3.051
MC13180,2025-11-01,3,2026-04-01,448.0,310.3,3.145,3.051
MC13180,2026-01-01,2,2026-04-01,448.0,629.1,3.145,3.051
MC13180,2026-03-01,1,2026-04-01,448.0,378.3,3.145,3.051
MC13180,2025-10-01,4,2026-05-01,320.0,302.4,3.035,3.051
MC13180,2025-12-01,3,2026-05-01,320.0,815.0,3.035,3.051
MC13180,2026-02-01,2,2026-05-01,320.0,476.1,3.035,3.051
MC13180,2026-04-01,1,2026-05-01,320.0,394.7,3.035,3.051
MC13180,2026-05-01,1,2026-05-01,320.0,0.0,3.035,3.051
MC13180,2025-09-01,5,2026-06-01,1056.0,354.2,2.895,3.051
MC13180,2025-11-01,4,2026-06-01,1056.0,326.7,2.895,3.051
MC13180,2026-01-01,3,2026-06-01,1056.0,657.7,2.895,3.051
MC13180,2026-03-01,2,2026-06-01,1056.0,380.8,2.895,3.051
MC13180,2026-05-01,1,2026-06-01,1056.0,383.2,2.895,3.051
MC13180,2026-06-01,1,2026-06-01,1056.0,385.0,2.895,3.051
MC13180,2025-10-01,5,2026-07-01,2176.0,315.5,3.063,3.051
MC13180,2025-12-01,4,2026-07-01,2176.0,782.5,3.063,3.051
MC13180,2026-02-01,3,2026-07-01,2176.0,485.5,3.063,3.051
MC13180,2026-04-01,2,2026-07-01,2176.0,403.6,3.063,3.051
MC13180,2026-05-01,2,2026-07-01,2176.0,0.0,3.063,3.051
MC13180,2026-07-01,1,2026-07-01,2176.0,10118.0,3.063,3.051
MC13187,2025-09-01,1,2025-10-01,2969.0,2847.3,4.661,6.031
MC13187,2025-10-01,1,2025-11-01,3580.0,3120.2,5.903,6.031
MC13187,2025-09-01,2,2025-12-01,4466.0,2800.7,6.482,6.031
MC13187,2025-11-01,1,2025-12-01,4466.0,3683.6,6.482,6.031
MC13187,2025-10-01,2,2026-01-01,4260.0,3197.1,6.741,6.031
MC13187,2025-12-01,1,2026-01-01,4260.0,4526.3,6.741,6.031
MC13187,2025-09-01,3,2026-02-01,3201.0,2786.0,5.896,6.031
MC13187,2025-11-01,2,2026-02-01,3201.0,3691.7,5.896,6.031
MC13187,2026-01-01,1,2026-02-01,3201.0,3812.3,5.896,6.031
MC13187,2025-10-01,3,2026-03-01,3184.0,3167.0,5.621,6.031
MC13187,2025-12-01,2,2026-03-01,3184.0,4497.6,5.621,6.031
MC13187,2026-02-01,1,2026-03-01,3184.0,3442.2,5.621,6.031
MC13187,2025-09-01,4,2026-04-01,2556.0,2751.8,5.831,6.031
MC13187,2025-11-01,3,2026-04-01,2556.0,3723.3,5.831,6.031
MC13187,2026-01-01,2,2026-04-01,2556.0,4007.7,5.831,6.031
MC13187,2026-03-01,1,2026-04-01,2556.0,3551.2,5.831,6.031
MC13187,2025-10-01,4,2026-05-01,3689.0,3458.6,6.436,6.031
MC13187,2025-12-01,3,2026-05-01,3689.0,4378.9,6.436,6.031
MC13187,2026-02-01,2,2026-05-01,3689.0,3463.7,6.436,6.031
MC13187,2026-04-01,1,2026-05-01,3689.0,2983.6,6.436,6.031
MC13187,2026-05-01,1,2026-05-01,3689.0,0.0,6.436,6.031
MC13187,2025-09-01,5,2026-06-01,2095.0,2816.7,5.834,6.031
MC13187,2025-11-01,4,2026-06-01,2095.0,3653.6,5.834,6.031
MC13187,2026-01-01,3,2026-06-01,2095.0,4126.7,5.834,6.031
MC13187,2026-03-01,2,2026-06-01,2095.0,3431.8,5.834,6.031
MC13187,2026-05-01,1,2026-06-01,2095.0,3529.5,5.834,6.031
MC13187,2026-06-01,1,2026-06-01,2095.0,3724.0,5.834,6.031
MC13187,2025-10-01,5,2026-07-01,3507.0,3565.6,5.471,6.031
MC13187,2025-12-01,4,2026-07-01,3507.0,4492.1,5.471,6.031
MC13187,2026-02-01,3,2026-07-01,3507.0,3436.9,5.471,6.031
MC13187,2026-04-01,2,2026-07-01,3507.0,3059.7,5.471,6.031
MC13187,2026-05-01,2,2026-07-01,3507.0,0.0,5.471,6.031
MC13187,2026-07-01,1,2026-07-01,3507.0,3214.0,5.471,6.031
MC13233,2025-09-01,1,2025-10-01,4288.0,3495.6,2.397,2.534
MC13233,2025-10-01,1,2025-11-01,1184.0,3196.1,2.822,2.534
MC13233,2025-09-01,2,2025-12-01,320.0,3138.4,3.122,2.534
MC13233,2025-11-01,1,2025-12-01,320.0,3803.5,3.122,2.534
MC13233,2025-10-01,2,2026-01-01,416.0,3222.6,2.795,2.534
MC13233,2025-12-01,1,2026-01-01,416.0,3369.1,2.795,2.534
MC13233,2025-09-01,3,2026-02-01,14496.0,3311.8,2.479,2.534
MC13233,2025-11-01,2,2026-02-01,14496.0,2673.6,2.479,2.534
MC13233,2026-01-01,1,2026-02-01,14496.0,2244.6,2.479,2.534
MC13233,2025-10-01,3,2026-03-01,5440.0,3065.4,2.752,2.534
MC13233,2025-12-01,2,2026-03-01,5440.0,2744.7,2.752,2.534
MC13233,2026-02-01,1,2026-03-01,5440.0,2353.6,2.752,2.534
MC13233,2025-09-01,4,2026-04-01,15104.0,3040.6,2.554,2.534
MC13233,2025-11-01,3,2026-04-01,15104.0,2737.1,2.554,2.534
MC13233,2026-01-01,2,2026-04-01,15104.0,2461.0,2.554,2.534
MC13233,2026-03-01,1,2026-04-01,15104.0,3650.3,2.554,2.534
MC13233,2025-10-01,4,2026-05-01,896.0,2917.8,2.627,2.534
MC13233,2025-12-01,3,2026-05-01,896.0,2968.1,2.627,2.534
MC13233,2026-02-01,2,2026-05-01,896.0,3276.5,2.627,2.534
MC13233,2026-04-01,1,2026-05-01,896.0,3119.6,2.627,2.534
MC13233,2026-05-01,1,2026-05-01,896.0,0.0,2.627,2.534
MC13233,2025-09-01,5,2026-06-01,3648.0,3154.7,2.676,2.534
MC13233,2025-11-01,4,2026-06-01,3648.0,2833.1,2.676,2.534
MC13233,2026-01-01,3,2026-06-01,3648.0,2421.8,2.676,2.534
MC13233,2026-03-01,2,2026-06-01,3648.0,3236.2,2.676,2.534
MC13233,2026-05-01,1,2026-06-01,3648.0,3700.5,2.676,2.534
MC13233,2026-06-01,1,2026-06-01,3648.0,9399.0,2.676,2.534
MC13233,2025-10-01,5,2026-07-01,1824.0,3062.2,2.812,2.534
MC13233,2025-12-01,4,2026-07-01,1824.0,2913.9,2.812,2.534
MC13233,2026-02-01,3,2026-07-01,1824.0,2783.1,2.812,2.534
MC13233,2026-04-01,2,2026-07-01,1824.0,4472.0,2.812,2.534
MC13233,2026-05-01,2,2026-07-01,1824.0,0.0,2.812,2.534
MC13233,2026-07-01,1,2026-07-01,1824.0,9846.0,2.812,2.534
MC13243,2025-09-01,1,2025-10-01,5152.0,1434.7,2.033,2.113
MC13243,2025-10-01,1,2025-11-01,3232.0,1402.4,2.497,2.113
MC13243,2025-09-01,2,2025-12-01,0.0,987.3,,2.113
MC13243,2025-11-01,1,2025-12-01,0.0,2184.2,,2.113
MC13243,2025-10-01,2,2026-01-01,32.0,1686.5,2.1,2.113
MC13243,2025-12-01,1,2026-01-01,32.0,2054.4,2.1,2.113
MC13243,2025-09-01,3,2026-02-01,7520.0,1269.0,1.94,2.113
MC13243,2025-11-01,2,2026-02-01,7520.0,1740.5,1.94,2.113
MC13243,2026-01-01,1,2026-02-01,7520.0,1494.5,1.94,2.113
MC13243,2025-10-01,3,2026-03-01,3200.0,1487.6,1.9,2.113
MC13243,2025-12-01,2,2026-03-01,3200.0,1924.6,1.9,2.113
MC13243,2026-02-01,1,2026-03-01,3200.0,2276.3,1.9,2.113
MC13243,2025-09-01,4,2026-04-01,14080.0,1025.2,1.9,2.113
MC13243,2025-11-01,3,2026-04-01,14080.0,2263.0,1.9,2.113
MC13243,2026-01-01,2,2026-04-01,14080.0,1539.5,1.9,2.113
MC13243,2026-03-01,1,2026-04-01,14080.0,2367.9,1.9,2.113
MC13243,2025-10-01,4,2026-05-01,320.0,1585.0,2.1,2.113
MC13243,2025-12-01,3,2026-05-01,320.0,1919.0,2.1,2.113
MC13243,2026-02-01,2,2026-05-01,320.0,2200.7,2.1,2.113
MC13243,2026-04-01,1,2026-05-01,320.0,5089.9,2.1,2.113
MC13243,2026-05-01,1,2026-05-01,320.0,0.0,2.1,2.113
MC13243,2025-09-01,5,2026-06-01,1600.0,1141.4,1.9,2.113
MC13243,2025-11-01,4,2026-06-01,1600.0,1954.1,1.9,2.113
MC13243,2026-01-01,3,2026-06-01,1600.0,1508.8,1.9,2.113
MC13243,2026-03-01,2,2026-06-01,1600.0,2112.6,1.9,2.113
MC13243,2026-05-01,1,2026-06-01,1600.0,2903.9,1.9,2.113
MC13243,2026-06-01,1,2026-06-01,1600.0,4995.0,1.9,2.113
MC13243,2025-10-01,5,2026-07-01,1120.0,1598.3,2.1,2.113
MC13243,2025-12-01,4,2026-07-01,1120.0,1901.1,2.1,2.113
MC13243,2026-02-01,3,2026-07-01,1120.0,2272.2,2.1,2.113
MC13243,2026-04-01,2,2026-07-01,1120.0,6402.6,2.1,2.113
MC13243,2026-05-01,2,2026-07-01,1120.0,0.0,2.1,2.113
MC13243,2026-07-01,1,2026-07-01,1120.0,4876.0,2.1,2.113
MC13249,2025-09-01,1,2025-10-01,416.0,239.1,1.403,2.112
MC13249,2025-10-01,1,2025-11-01,3232.0,493.4,2.497,2.112
MC13249,2025-09-01,2,2025-12-01,0.0,284.9,,2.112
MC13249,2025-11-01,1,2025-12-01,0.0,785.2,,2.112
MC13249,2025-10-01,2,2026-01-01,32.0,498.6,2.1,2.112
MC13249,2025-12-01,1,2026-01-01,32.0,711.6,2.1,2.112
MC13249,2025-09-01,3,2026-02-01,3680.0,311.5,1.98,2.112
MC13249,2025-11-01,2,2026-02-01,3680.0,984.4,1.98,2.112
MC13249,2026-01-01,1,2026-02-01,3680.0,642.4,1.98,2.112
MC13249,2025-10-01,3,2026-03-01,960.0,513.0,1.9,2.112
MC13249,2025-12-01,2,2026-03-01,960.0,635.4,1.9,2.112
MC13249,2026-02-01,1,2026-03-01,960.0,1141.9,1.9,2.112
MC13249,2025-09-01,4,2026-04-01,9440.0,320.7,2.0,2.112
MC13249,2025-11-01,3,2026-04-01,9440.0,1190.1,2.0,2.112
MC13249,2026-01-01,2,2026-04-01,9440.0,603.8,2.0,2.112
MC13249,2026-03-01,1,2026-04-01,9440.0,375.1,2.0,2.112
MC13249,2025-10-01,4,2026-05-01,320.0,537.6,2.1,2.112
MC13249,2025-12-01,3,2026-05-01,320.0,663.3,2.1,2.112
MC13249,2026-02-01,2,2026-05-01,320.0,1077.5,2.1,2.112
MC13249,2026-04-01,1,2026-05-01,320.0,427.3,2.1,2.112
MC13249,2026-05-01,1,2026-05-01,320.0,0.0,2.1,2.112
MC13249,2025-09-01,5,2026-06-01,2016.0,369.9,2.494,2.112
MC13249,2025-11-01,4,2026-06-01,2016.0,1094.9,2.494,2.112
MC13249,2026-01-01,3,2026-06-01,2016.0,574.6,2.494,2.112
MC13249,2026-03-01,2,2026-06-01,2016.0,386.9,2.494,2.112
MC13249,2026-05-01,1,2026-06-01,2016.0,393.0,2.494,2.112
MC13249,2026-06-01,1,2026-06-01,2016.0,5697.0,2.494,2.112
MC13249,2025-10-01,5,2026-07-01,1120.0,546.6,2.1,2.112
MC13249,2025-12-01,4,2026-07-01,1120.0,633.6,2.1,2.112
MC13249,2026-02-01,3,2026-07-01,1120.0,1088.0,2.1,2.112
MC13249,2026-04-01,2,2026-07-01,1120.0,340.8,2.1,2.112
MC13249,2026-05-01,2,2026-07-01,1120.0,0.0,2.1,2.112
MC13249,2026-07-01,1,2026-07-01,1120.0,3767.0,2.1,2.112
MC9884,2025-09-01,1,2025-10-01,32136.0,29115.1,5.352,14.721
MC9884,2025-10-01,1,2025-11-01,20352.0,29116.0,5.478,14.721
MC9884,2025-09-01,2,2025-12-01,22560.0,28723.7,5.263,14.721
MC9884,2025-11-01,1,2025-12-01,22560.0,24451.9,5.263,14.721
MC9884,2025-10-01,2,2026-01-01,23304.0,27925.9,5.352,14.721
MC9884,2025-12-01,1,2026-01-01,23304.0,23083.2,5.352,14.721
MC9884,2025-09-01,3,2026-02-01,13872.0,28174.3,5.478,14.721
MC9884,2025-11-01,2,2026-02-01,13872.0,23972.3,5.478,14.721
MC9884,2026-01-01,1,2026-02-01,13872.0,24226.8,5.478,14.721
MC9884,2025-10-01,3,2026-03-01,27144.0,27818.1,5.352,14.721
MC9884,2025-12-01,2,2026-03-01,27144.0,23583.4,5.352,14.721
MC9884,2026-02-01,1,2026-03-01,27144.0,15437.6,5.352,14.721
MC9884,2025-09-01,4,2026-04-01,19752.0,28602.6,5.478,14.721
MC9884,2025-11-01,3,2026-04-01,19752.0,24126.1,5.478,14.721
MC9884,2026-01-01,2,2026-04-01,19752.0,24476.5,5.478,14.721
MC9884,2026-03-01,1,2026-04-01,19752.0,21329.8,5.478,14.721
MC9884,2025-10-01,4,2026-05-01,21600.0,27005.0,5.352,14.721
MC9884,2025-12-01,3,2026-05-01,21600.0,24340.7,5.352,14.721
MC9884,2026-02-01,2,2026-05-01,21600.0,15248.6,5.352,14.721
MC9884,2026-04-01,1,2026-05-01,21600.0,19390.6,5.352,14.721
MC9884,2026-05-01,1,2026-05-01,21600.0,0.0,5.352,14.721
MC9884,2025-09-01,5,2026-06-01,42216.0,28494.4,5.478,14.721
MC9884,2025-11-01,4,2026-06-01,42216.0,23497.8,5.478,14.721
MC9884,2026-01-01,3,2026-06-01,42216.0,24776.1,5.478,14.721
MC9884,2026-03-01,2,2026-06-01,42216.0,20710.7,5.478,14.721
MC9884,2026-05-01,1,2026-06-01,42216.0,20393.3,5.478,14.721
MC9884,2026-06-01,1,2026-06-01,42216.0,22994.0,5.478,14.721
MC9884,2025-10-01,5,2026-07-01,31440.0,26957.7,5.478,14.721
MC9884,2025-12-01,4,2026-07-01,31440.0,23629.8,5.478,14.721
MC9884,2026-02-01,3,2026-07-01,31440.0,15026.4,5.478,14.721
MC9884,2026-04-01,2,2026-07-01,31440.0,19527.1,5.478,14.721
MC9884,2026-05-01,2,2026-07-01,31440.0,0.0,5.478,14.721
MC9884,2026-07-01,1,2026-07-01,31440.0,30582.0,5.478,14.721
MCTN-2OZ-LV-6PK,2025-09-01,1,2025-10-01,11904.0,25934.5,4.55,23.196
MCTN-2OZ-LV-6PK,2025-10-01,1,2025-11-01,24336.0,18681.7,5.25,23.196
MCTN-2OZ-LV-6PK,2025-09-01,2,2025-12-01,4416.0,22042.6,4.55,23.196
MCTN-2OZ-LV-6PK,2025-11-01,1,2025-12-01,4416.0,18397.9,4.55,23.196
MCTN-2OZ-LV-6PK,2025-10-01,2,2026-01-01,3024.0,17752.9,5.25,23.196
MCTN-2OZ-LV-6PK,2025-12-01,1,2026-01-01,3024.0,15042.7,5.25,23.196
MCTN-2OZ-LV-6PK,2025-09-01,3,2026-02-01,1296.0,19267.8,4.797,23.196
MCTN-2OZ-LV-6PK,2025-11-01,2,2026-02-01,1296.0,19093.3,4.797,23.196
MCTN-2OZ-LV-6PK,2026-01-01,1,2026-02-01,1296.0,10046.7,4.797,23.196
MCTN-2OZ-LV-6PK,2025-10-01,3,2026-03-01,1392.0,17252.4,4.2,23.196
MCTN-2OZ-LV-6PK,2025-12-01,2,2026-03-01,1392.0,13707.3,4.2,23.196
MCTN-2OZ-LV-6PK,2026-02-01,1,2026-03-01,1392.0,5198.7,4.2,23.196
MCTN-2OZ-LV-6PK,2025-09-01,4,2026-04-01,7272.0,19792.0,5.497,23.196
MCTN-2OZ-LV-6PK,2025-11-01,3,2026-04-01,7272.0,18597.1,5.497,23.196
MCTN-2OZ-LV-6PK,2026-01-01,2,2026-04-01,7272.0,10930.2,5.497,23.196
MCTN-2OZ-LV-6PK,2026-03-01,1,2026-04-01,7272.0,3668.6,5.497,23.196
MCTN-2OZ-LV-6PK,2025-10-01,4,2026-05-01,9912.0,16687.4,5.25,23.196
MCTN-2OZ-LV-6PK,2025-12-01,3,2026-05-01,9912.0,16423.8,5.25,23.196
MCTN-2OZ-LV-6PK,2026-02-01,2,2026-05-01,9912.0,5420.8,5.25,23.196
MCTN-2OZ-LV-6PK,2026-04-01,1,2026-05-01,9912.0,5088.1,5.25,23.196
MCTN-2OZ-LV-6PK,2026-05-01,1,2026-05-01,9912.0,0.0,5.25,23.196
MCTN-2OZ-LV-6PK,2025-09-01,5,2026-06-01,12144.0,19204.0,4.91,23.196
MCTN-2OZ-LV-6PK,2025-11-01,4,2026-06-01,12144.0,19954.2,4.91,23.196
MCTN-2OZ-LV-6PK,2026-01-01,3,2026-06-01,12144.0,9412.8,4.91,23.196
MCTN-2OZ-LV-6PK,2026-03-01,2,2026-06-01,12144.0,3801.6,4.91,23.196
MCTN-2OZ-LV-6PK,2026-05-01,1,2026-06-01,12144.0,7680.1,4.91,23.196
MCTN-2OZ-LV-6PK,2026-06-01,1,2026-06-01,12144.0,9601.0,4.91,23.196
MCTN-2OZ-LV-6PK,2025-10-01,5,2026-07-01,23520.0,15490.2,4.91,23.196
MCTN-2OZ-LV-6PK,2025-12-01,4,2026-07-01,23520.0,14145.3,4.91,23.196
MCTN-2OZ-LV-6PK,2026-02-01,3,2026-07-01,23520.0,5239.1,4.91,23.196
MCTN-2OZ-LV-6PK,2026-04-01,2,2026-07-01,23520.0,6169.7,4.91,23.196
MCTN-2OZ-LV-6PK,2026-05-01,2,2026-07-01,23520.0,0.0,4.91,23.196
MCTN-2OZ-LV-6PK,2026-07-01,1,2026-07-01,23520.0,10616.0,4.91,23.196
MCTN-2OZ-LVP-ARC-V2,2025-09-01,1,2025-10-01,19488.0,16315.2,4.713,28.719
MCTN-2OZ-LVP-ARC-V2,2025-10-01,1,2025-11-01,17112.0,17504.4,5.495,28.719
MCTN-2OZ-LVP-ARC-V2,2025-09-01,2,2025-12-01,16632.0,17200.2,4.713,28.719
MCTN-2OZ-LVP-ARC-V2,2025-11-01,1,2025-12-01,16632.0,15478.9,4.713,28.719
MCTN-2OZ-LVP-ARC-V2,2025-10-01,2,2026-01-01,17784.0,15307.6,5.495,28.719
MCTN-2OZ-LVP-ARC-V2,2025-12-01,1,2026-01-01,17784.0,15637.1,5.495,28.719
MCTN-2OZ-LVP-ARC-V2,2025-09-01,3,2026-02-01,14304.0,15967.2,4.713,28.719
MCTN-2OZ-LVP-ARC-V2,2025-11-01,2,2026-02-01,14304.0,16032.3,4.713,28.719
MCTN-2OZ-LVP-ARC-V2,2026-01-01,1,2026-02-01,14304.0,16526.1,4.713,28.719
MCTN-2OZ-LVP-ARC-V2,2025-10-01,3,2026-03-01,16536.0,15682.7,4.713,28.719
MCTN-2OZ-LVP-ARC-V2,2025-12-01,2,2026-03-01,16536.0,15485.0,4.713,28.719
MCTN-2OZ-LVP-ARC-V2,2026-02-01,1,2026-03-01,16536.0,14624.5,4.713,28.719
MCTN-2OZ-LVP-ARC-V2,2025-09-01,4,2026-04-01,14232.0,16171.6,5.495,28.719
MCTN-2OZ-LVP-ARC-V2,2025-11-01,3,2026-04-01,14232.0,15764.0,5.495,28.719
MCTN-2OZ-LVP-ARC-V2,2026-01-01,2,2026-04-01,14232.0,16686.0,5.495,28.719
MCTN-2OZ-LVP-ARC-V2,2026-03-01,1,2026-04-01,14232.0,15184.5,5.495,28.719
MCTN-2OZ-LVP-ARC-V2,2025-10-01,4,2026-05-01,17448.0,15400.6,5.495,28.719
MCTN-2OZ-LVP-ARC-V2,2025-12-01,3,2026-05-01,17448.0,15605.6,5.495,28.719
MCTN-2OZ-LVP-ARC-V2,2026-02-01,2,2026-05-01,17448.0,14036.1,5.495,28.719
MCTN-2OZ-LVP-ARC-V2,2026-04-01,1,2026-05-01,17448.0,14802.4,5.495,28.719
MCTN-2OZ-LVP-ARC-V2,2026-05-01,1,2026-05-01,17448.0,0.0,5.495,28.719
MCTN-2OZ-LVP-ARC-V2,2025-09-01,5,2026-06-01,18144.0,15439.3,5.495,28.719
MCTN-2OZ-LVP-ARC-V2,2025-11-01,4,2026-06-01,18144.0,15697.5,5.495,28.719
MCTN-2OZ-LVP-ARC-V2,2026-01-01,3,2026-06-01,18144.0,16223.1,5.495,28.719
MCTN-2OZ-LVP-ARC-V2,2026-03-01,2,2026-06-01,18144.0,15094.4,5.495,28.719
MCTN-2OZ-LVP-ARC-V2,2026-05-01,1,2026-06-01,18144.0,16968.8,5.495,28.719
MCTN-2OZ-LVP-ARC-V2,2026-06-01,1,2026-06-01,18144.0,17437.0,5.495,28.719
MCTN-2OZ-LVP-ARC-V2,2025-10-01,5,2026-07-01,24792.0,15528.8,5.495,28.719
MCTN-2OZ-LVP-ARC-V2,2025-12-01,4,2026-07-01,24792.0,15588.1,5.495,28.719
MCTN-2OZ-LVP-ARC-V2,2026-02-01,3,2026-07-01,24792.0,14101.1,5.495,28.719
MCTN-2OZ-LVP-ARC-V2,2026-04-01,2,2026-07-01,24792.0,14959.6,5.495,28.719
MCTN-2OZ-LVP-ARC-V2,2026-05-01,2,2026-07-01,24792.0,0.0,5.495,28.719
MCTN-2OZ-LVP-ARC-V2,2026-07-01,1,2026-07-01,24792.0,17583.0,5.495,28.719
MCTN-2OZ-PP-6PK,2025-09-01,1,2025-10-01,10680.0,17498.4,4.55,21.278
MCTN-2OZ-PP-6PK,2025-10-01,1,2025-11-01,30072.0,14437.8,5.25,21.278
MCTN-2OZ-PP-6PK,2025-09-01,2,2025-12-01,5208.0,14914.8,4.55,21.278
MCTN-2OZ-PP-6PK,2025-11-01,1,2025-12-01,5208.0,17454.6,4.55,21.278
MCTN-2OZ-PP-6PK,2025-10-01,2,2026-01-01,9288.0,15251.3,5.25,21.278
MCTN-2OZ-PP-6PK,2025-12-01,1,2026-01-01,9288.0,14487.3,5.25,21.278
MCTN-2OZ-PP-6PK,2025-09-01,3,2026-02-01,432.0,14363.5,4.2,21.278
MCTN-2OZ-PP-6PK,2025-11-01,2,2026-02-01,432.0,21294.6,4.2,21.278
MCTN-2OZ-PP-6PK,2026-01-01,1,2026-02-01,432.0,11135.7,4.2,21.278
MCTN-2OZ-PP-6PK,2025-10-01,3,2026-03-01,6000.0,13545.2,4.55,21.278
MCTN-2OZ-PP-6PK,2025-12-01,2,2026-03-01,6000.0,13569.1,4.55,21.278
MCTN-2OZ-PP-6PK,2026-02-01,1,2026-03-01,6000.0,9467.1,4.55,21.278
MCTN-2OZ-PP-6PK,2025-09-01,4,2026-04-01,13824.0,14690.6,5.25,21.278
MCTN-2OZ-PP-6PK,2025-11-01,3,2026-04-01,13824.0,18165.4,5.25,21.278
MCTN-2OZ-PP-6PK,2026-01-01,2,2026-04-01,13824.0,12890.1,5.25,21.278
MCTN-2OZ-PP-6PK,2026-03-01,1,2026-04-01,13824.0,9275.5,5.25,21.278
MCTN-2OZ-PP-6PK,2025-10-01,4,2026-05-01,12600.0,14579.0,5.25,21.278
MCTN-2OZ-PP-6PK,2025-12-01,3,2026-05-01,12600.0,16202.1,5.25,21.278
MCTN-2OZ-PP-6PK,2026-02-01,2,2026-05-01,12600.0,9653.2,5.25,21.278
MCTN-2OZ-PP-6PK,2026-04-01,1,2026-05-01,12600.0,11295.2,5.25,21.278
MCTN-2OZ-PP-6PK,2026-05-01,1,2026-05-01,12600.0,0.0,5.25,21.278
MCTN-2OZ-PP-6PK,2025-09-01,5,2026-06-01,15576.0,14931.4,4.725,21.278
MCTN-2OZ-PP-6PK,2025-11-01,4,2026-06-01,15576.0,18854.8,4.725,21.278
MCTN-2OZ-PP-6PK,2026-01-01,3,2026-06-01,15576.0,11237.4,4.725,21.278
MCTN-2OZ-PP-6PK,2026-03-01,2,2026-06-01,15576.0,8383.4,4.725,21.278
MCTN-2OZ-PP-6PK,2026-05-01,1,2026-06-01,15576.0,12794.5,4.725,21.278
MCTN-2OZ-PP-6PK,2026-06-01,1,2026-06-01,15576.0,12751.0,4.725,21.278
MCTN-2OZ-PP-6PK,2025-10-01,5,2026-07-01,19632.0,14050.1,4.55,21.278
MCTN-2OZ-PP-6PK,2025-12-01,4,2026-07-01,19632.0,13891.0,4.55,21.278
MCTN-2OZ-PP-6PK,2026-02-01,3,2026-07-01,19632.0,8784.4,4.55,21.278
MCTN-2OZ-PP-6PK,2026-04-01,2,2026-07-01,19632.0,11257.6,4.55,21.278
MCTN-2OZ-PP-6PK,2026-05-01,2,2026-07-01,19632.0,0.0,4.55,21.278
MCTN-2OZ-PP-6PK,2026-07-01,1,2026-07-01,19632.0,13148.0,4.55,21.278
PP-004-CB,2025-09-01,1,2025-10-01,6928.0,5742.4,7.372,7.756
PP-004-CB,2025-10-01,1,2025-11-01,7424.0,5573.1,7.55,7.756
PP-004-CB,2025-09-01,2,2025-12-01,3810.0,5490.5,8.267,7.756
PP-004-CB,2025-11-01,1,2025-12-01,3810.0,5347.8,8.267,7.756
PP-004-CB,2025-10-01,2,2026-01-01,4870.0,4771.6,8.116,7.756
PP-004-CB,2025-12-01,1,2026-01-01,4870.0,5346.6,8.116,7.756
PP-004-CB,2025-09-01,3,2026-02-01,23749.0,5175.1,7.201,7.756
PP-004-CB,2025-11-01,2,2026-02-01,23749.0,5617.6,7.201,7.756
PP-004-CB,2026-01-01,1,2026-02-01,23749.0,5083.4,7.201,7.756
PP-004-CB,2025-10-01,3,2026-03-01,7226.0,5156.8,6.967,7.756
PP-004-CB,2025-12-01,2,2026-03-01,7226.0,5109.7,6.967,7.756
PP-004-CB,2026-02-01,1,2026-03-01,7226.0,4197.2,6.967,7.756
PP-004-CB,2025-09-01,4,2026-04-01,9931.0,5534.2,7.216,7.756
PP-004-CB,2025-11-01,3,2026-04-01,9931.0,5619.8,7.216,7.756
PP-004-CB,2026-01-01,2,2026-04-01,9931.0,5234.3,7.216,7.756
PP-004-CB,2026-03-01,1,2026-04-01,9931.0,5138.5,7.216,7.756
PP-004-CB,2025-10-01,4,2026-05-01,19520.0,5577.0,7.572,7.756
PP-004-CB,2025-12-01,3,2026-05-01,19520.0,5302.2,7.572,7.756
PP-004-CB,2026-02-01,2,2026-05-01,19520.0,4190.5,7.572,7.756
PP-004-CB,2026-04-01,1,2026-05-01,19520.0,4539.6,7.572,7.756
PP-004-CB,2026-05-01,1,2026-05-01,19520.0,0.0,7.572,7.756
PP-004-CB,2025-09-01,5,2026-06-01,28532.0,5488.7,7.159,7.756
PP-004-CB,2025-11-01,4,2026-06-01,28532.0,5824.3,7.159,7.756
PP-004-CB,2026-01-01,3,2026-06-01,28532.0,5233.1,7.159,7.756
PP-004-CB,2026-03-01,2,2026-06-01,28532.0,4902.5,7.159,7.756
PP-004-CB,2026-05-01,1,2026-06-01,28532.0,3836.8,7.159,7.756
PP-004-CB,2026-06-01,1,2026-06-01,28532.0,6162.0,7.159,7.756
PP-004-CB,2025-10-01,5,2026-07-01,10027.0,5322.7,7.574,7.756
PP-004-CB,2025-12-01,4,2026-07-01,10027.0,5170.9,7.574,7.756
PP-004-CB,2026-02-01,3,2026-07-01,10027.0,4329.5,7.574,7.756
PP-004-CB,2026-04-01,2,2026-07-01,10027.0,4465.0,7.574,7.756
PP-004-CB,2026-05-01,2,2026-07-01,10027.0,0.0,7.574,7.756
PP-004-CB,2026-07-01,1,2026-07-01,10027.0,19244.0,7.574,7.756
PP-004-CB-AMZ,2025-09-01,1,2025-10-01,17556.0,5784.9,9.36,9.128
PP-004-CB-AMZ,2025-10-01,1,2025-11-01,10680.0,10988.2,9.36,9.128
PP-004-CB-AMZ,2025-09-01,2,2025-12-01,10428.0,5530.5,9.36,9.128
PP-004-CB-AMZ,2025-11-01,1,2025-12-01,10428.0,8962.8,9.36,9.128
PP-004-CB-AMZ,2025-10-01,2,2026-01-01,14340.0,9659.9,9.36,9.128
PP-004-CB-AMZ,2025-12-01,1,2026-01-01,14340.0,8341.2,9.36,9.128
PP-004-CB-AMZ,2025-09-01,3,2026-02-01,3732.0,5834.4,9.36,9.128
PP-004-CB-AMZ,2025-11-01,2,2026-02-01,3732.0,7016.9,9.36,9.128
PP-004-CB-AMZ,2026-01-01,1,2026-02-01,3732.0,11825.4,9.36,9.128
PP-004-CB-AMZ,2025-10-01,3,2026-03-01,3696.0,7034.4,9.36,9.128
PP-004-CB-AMZ,2025-12-01,2,2026-03-01,3696.0,9476.2,9.36,9.128
PP-004-CB-AMZ,2026-02-01,1,2026-03-01,3696.0,8155.2,9.36,9.128
PP-004-CB-AMZ,2025-09-01,4,2026-04-01,7236.0,5065.8,9.36,9.128
PP-004-CB-AMZ,2025-11-01,3,2026-04-01,7236.0,7463.3,9.36,9.128
PP-004-CB-AMZ,2026-01-01,2,2026-04-01,7236.0,10424.4,9.36,9.128
PP-004-CB-AMZ,2026-03-01,1,2026-04-01,7236.0,8446.3,9.36,9.128
PP-004-CB-AMZ,2025-10-01,4,2026-05-01,18552.0,9400.8,9.36,9.128
PP-004-CB-AMZ,2025-12-01,3,2026-05-01,18552.0,8241.9,9.36,9.128
PP-004-CB-AMZ,2026-02-01,2,2026-05-01,18552.0,9160.1,9.36,9.128
PP-004-CB-AMZ,2026-04-01,1,2026-05-01,18552.0,7793.7,9.36,9.128
PP-004-CB-AMZ,2025-09-01,5,2026-06-01,8796.0,5222.0,9.36,9.128
PP-004-CB-AMZ,2025-11-01,4,2026-06-01,8796.0,6072.7,9.36,9.128
PP-004-CB-AMZ,2026-01-01,3,2026-06-01,8796.0,10942.0,9.36,9.128
PP-004-CB-AMZ,2026-03-01,2,2026-06-01,8796.0,7510.4,9.36,9.128
PP-004-CB-AMZ,2026-05-01,1,2026-06-01,8796.0,10052.1,9.36,9.128
PP-004-CB-AMZ,2026-06-01,1,2026-06-01,8796.0,10269.0,9.36,9.128
PP-004-CB-AMZ,2025-10-01,5,2026-07-01,120.0,7023.8,9.36,9.128
PP-004-CB-AMZ,2025-12-01,4,2026-07-01,120.0,8907.4,9.36,9.128
PP-004-CB-AMZ,2026-02-01,3,2026-07-01,120.0,8284.6,9.36,9.128
PP-004-CB-AMZ,2026-04-01,2,2026-07-01,120.0,9635.9,9.36,9.128
PP-004-CB-AMZ,2026-07-01,1,2026-07-01,120.0,8909.0,9.36,9.128
PP-008-CB,2025-09-01,1,2025-10-01,2052.0,750.0,9.998,14.92
PP-008-CB,2025-10-01,1,2025-11-01,1545.0,987.2,11.861,14.92
PP-008-CB,2025-09-01,2,2025-12-01,1155.0,904.3,13.688,14.92
PP-008-CB,2025-11-01,1,2025-12-01,1155.0,1208.4,13.688,14.92
PP-008-CB,2025-10-01,2,2026-01-01,959.0,1019.0,12.168,14.92
PP-008-CB,2025-12-01,1,2026-01-01,959.0,1344.1,12.168,14.92
PP-008-CB,2025-09-01,3,2026-02-01,1129.0,890.1,11.363,14.92
PP-008-CB,2025-11-01,2,2026-02-01,1129.0,1129.6,11.363,14.92
PP-008-CB,2026-01-01,1,2026-02-01,1129.0,1450.4,11.363,14.92
PP-008-CB,2025-10-01,3,2026-03-01,1674.0,910.1,13.163,14.92
PP-008-CB,2025-12-01,2,2026-03-01,1674.0,1306.6,13.163,14.92
PP-008-CB,2026-02-01,1,2026-03-01,1674.0,1099.1,13.163,14.92
PP-008-CB,2025-09-01,4,2026-04-01,1027.0,860.3,11.595,14.92
PP-008-CB,2025-11-01,3,2026-04-01,1027.0,1220.7,11.595,14.92
PP-008-CB,2026-01-01,2,2026-04-01,1027.0,1422.7,11.595,14.92
PP-008-CB,2026-03-01,1,2026-04-01,1027.0,1291.3,11.595,14.92
PP-008-CB,2025-10-01,4,2026-05-01,1528.0,1035.0,12.356,14.92
PP-008-CB,2025-12-01,3,2026-05-01,1528.0,1268.5,12.356,14.92
PP-008-CB,2026-02-01,2,2026-05-01,1528.0,1084.3,12.356,14.92
PP-008-CB,2026-04-01,1,2026-05-01,1528.0,1122.9,12.356,14.92
PP-008-CB,2026-05-01,1,2026-05-01,1528.0,0.0,12.356,14.92
PP-008-CB,2025-09-01,5,2026-06-01,2513.0,932.9,10.101,14.92
PP-008-CB,2025-11-01,4,2026-06-01,2513.0,1238.7,10.101,14.92
PP-008-CB,2026-01-01,3,2026-06-01,2513.0,1403.2,10.101,14.92
PP-008-CB,2026-03-01,2,2026-06-01,2513.0,1246.2,10.101,14.92
PP-008-CB,2026-05-01,1,2026-06-01,2513.0,1267.2,10.101,14.92
PP-008-CB,2026-06-01,1,2026-06-01,2513.0,2437.0,10.101,14.92
PP-008-CB,2025-10-01,5,2026-07-01,2980.0,1128.2,9.49,14.92
PP-008-CB,2025-12-01,4,2026-07-01,2980.0,1326.2,9.49,14.92
PP-008-CB,2026-02-01,3,2026-07-01,2980.0,1091.9,9.49,14.92
PP-008-CB,2026-04-01,2,2026-07-01,2980.0,1145.0,9.49,14.92
PP-008-CB,2026-05-01,2,2026-07-01,2980.0,0.0,9.49,14.92
PP-008-CB,2026-07-01,1,2026-07-01,2980.0,1395.0,9.49,14.92
PP-008-CB-AMZ,2025-09-01,1,2025-10-01,5280.0,1875.5,14.7,13.263
PP-008-CB-AMZ,2025-10-01,1,2025-11-01,4110.0,2648.8,14.7,13.263
PP-008-CB-AMZ,2025-09-01,2,2025-12-01,1284.0,1470.7,14.7,13.263
PP-008-CB-AMZ,2025-11-01,1,2025-12-01,1284.0,2230.2,14.7,13.263
PP-008-CB-AMZ,2025-10-01,2,2026-01-01,2556.0,2079.3,14.7,13.263
PP-008-CB-AMZ,2025-12-01,1,2026-01-01,2556.0,2470.4,14.7,13.263
PP-008-CB-AMZ,2025-09-01,3,2026-02-01,10614.0,1331.5,14.7,13.263
PP-008-CB-AMZ,2025-11-01,2,2026-02-01,10614.0,2514.5,14.7,13.263
PP-008-CB-AMZ,2026-01-01,1,2026-02-01,10614.0,2425.0,14.7,13.263
PP-008-CB-AMZ,2025-10-01,3,2026-03-01,6528.0,2308.6,14.7,13.263
PP-008-CB-AMZ,2025-12-01,2,2026-03-01,6528.0,2497.0,14.7,13.263
PP-008-CB-AMZ,2026-02-01,1,2026-03-01,6528.0,3893.3,14.7,13.263
PP-008-CB-AMZ,2025-09-01,4,2026-04-01,6594.0,1272.1,14.7,13.263
PP-008-CB-AMZ,2025-11-01,3,2026-04-01,6594.0,2682.3,14.7,13.263
PP-008-CB-AMZ,2026-01-01,2,2026-04-01,6594.0,2366.4,14.7,13.263
PP-008-CB-AMZ,2026-03-01,1,2026-04-01,6594.0,5698.9,14.7,13.263
PP-008-CB-AMZ,2025-10-01,4,2026-05-01,60.0,2239.9,14.7,13.263
PP-008-CB-AMZ,2025-12-01,3,2026-05-01,60.0,2594.3,14.7,13.263
PP-008-CB-AMZ,2026-02-01,2,2026-05-01,60.0,4436.8,14.7,13.263
PP-008-CB-AMZ,2026-04-01,1,2026-05-01,60.0,5051.0,14.7,13.263
PP-008-CB-AMZ,2025-09-01,5,2026-06-01,66.0,1094.2,14.7,13.263
PP-008-CB-AMZ,2025-11-01,4,2026-06-01,66.0,2995.9,14.7,13.263
PP-008-CB-AMZ,2026-01-01,3,2026-06-01,66.0,2604.6,14.7,13.263
PP-008-CB-AMZ,2026-03-01,2,2026-06-01,66.0,4962.7,14.7,13.263
PP-008-CB-AMZ,2026-05-01,1,2026-06-01,66.0,3436.0,14.7,13.263
PP-008-CB-AMZ,2026-06-01,1,2026-06-01,66.0,3725.0,14.7,13.263
PP-008-CB-AMZ,2025-10-01,5,2026-07-01,1146.0,2301.7,14.7,13.263
PP-008-CB-AMZ,2025-12-01,4,2026-07-01,1146.0,2645.4,14.7,13.263
PP-008-CB-AMZ,2026-02-01,3,2026-07-01,1146.0,4623.3,14.7,13.263
PP-008-CB-AMZ,2026-04-01,2,2026-07-01,1146.0,6312.2,14.7,13.263
PP-008-CB-AMZ,2026-07-01,1,2026-07-01,1146.0,2764.0,14.7,13.263
PP-016-BR,2025-09-01,1,2025-10-01,9534.0,9742.5,17.72,17.954
PP-016-BR,2025-10-01,1,2025-11-01,7666.0,11266.1,18.946,17.954
PP-016-BR,2025-09-01,2,2025-12-01,11329.0,12231.1,20.354,17.954
PP-016-BR,2025-11-01,1,2025-12-01,11329.0,8585.8,20.354,17.954
PP-016-BR,2025-10-01,2,2026-01-01,9842.0,8236.6,19.561,17.954
PP-016-BR,2025-12-01,1,2026-01-01,9842.0,8530.9,19.561,17.954
PP-016-BR,2025-09-01,3,2026-02-01,7972.0,7300.4,16.756,17.954
PP-016-BR,2025-11-01,2,2026-02-01,7972.0,8848.7,16.756,17.954
PP-016-BR,2026-01-01,1,2026-02-01,7972.0,10286.6,16.756,17.954
PP-016-BR,2025-10-01,3,2026-03-01,14682.0,8708.3,16.718,17.954
PP-016-BR,2025-12-01,2,2026-03-01,14682.0,9351.0,16.718,17.954
PP-016-BR,2026-02-01,1,2026-03-01,14682.0,10049.1,16.718,17.954
PP-016-BR,2025-09-01,4,2026-04-01,11651.0,7490.5,16.818,17.954
PP-016-BR,2025-11-01,3,2026-04-01,11651.0,8348.2,16.818,17.954
PP-016-BR,2026-01-01,2,2026-04-01,11651.0,10210.8,16.818,17.954
PP-016-BR,2026-03-01,1,2026-04-01,11651.0,10599.1,16.818,17.954
PP-016-BR,2025-10-01,4,2026-05-01,14472.0,8028.6,17.408,17.954
PP-016-BR,2025-12-01,3,2026-05-01,14472.0,9454.8,17.408,17.954
PP-016-BR,2026-02-01,2,2026-05-01,14472.0,9438.3,17.408,17.954
PP-016-BR,2026-04-01,1,2026-05-01,14472.0,10562.7,17.408,17.954
PP-016-BR,2025-09-01,5,2026-06-01,7490.0,6114.2,18.37,17.954
PP-016-BR,2025-11-01,4,2026-06-01,7490.0,9014.3,18.37,17.954
PP-016-BR,2026-01-01,3,2026-06-01,7490.0,10537.8,18.37,17.954
PP-016-BR,2026-03-01,2,2026-06-01,7490.0,10199.4,18.37,17.954
PP-016-BR,2026-05-01,1,2026-06-01,7490.0,10810.4,18.37,17.954
PP-016-BR,2026-06-01,1,2026-06-01,7490.0,12565.0,18.37,17.954
PP-016-BR,2025-10-01,5,2026-07-01,16118.0,7664.9,17.611,17.954
PP-016-BR,2025-12-01,4,2026-07-01,16118.0,9929.9,17.611,17.954
PP-016-BR,2026-02-01,3,2026-07-01,16118.0,8631.2,17.611,17.954
PP-016-BR,2026-04-01,2,2026-07-01,16118.0,12627.5,17.611,17.954
PP-016-BR,2026-07-01,1,2026-07-01,16118.0,11498.0,17.611,17.954
PP-10ML,2025-09-01,1,2025-10-01,3673.0,1720.1,2.346,2.711
PP-10ML,2025-10-01,1,2025-11-01,702.0,2016.0,3.042,2.711
PP-10ML,2025-09-01,2,2025-12-01,734.0,1742.7,3.042,2.711
PP-10ML,2025-11-01,1,2025-12-01,734.0,1972.7,3.042,2.711
PP-10ML,2025-10-01,2,2026-01-01,1013.0,2259.4,2.909,2.711
PP-10ML,2025-12-01,1,2026-01-01,1013.0,4035.4,2.909,2.711
PP-10ML,2025-09-01,3,2026-02-01,3295.0,1678.6,2.461,2.711
PP-10ML,2025-11-01,2,2026-02-01,3295.0,1924.9,2.461,2.711
PP-10ML,2026-01-01,1,2026-02-01,3295.0,4133.2,2.461,2.711
PP-10ML,2025-10-01,3,2026-03-01,4339.0,2302.5,2.367,2.711
PP-10ML,2025-12-01,2,2026-03-01,4339.0,3569.1,2.367,2.711
PP-10ML,2026-02-01,1,2026-03-01,4339.0,4383.9,2.367,2.711
PP-10ML,2025-09-01,4,2026-04-01,3241.0,1723.7,2.768,2.711
PP-10ML,2025-11-01,3,2026-04-01,3241.0,2119.8,2.768,2.711
PP-10ML,2026-01-01,2,2026-04-01,3241.0,3952.4,2.768,2.711
PP-10ML,2026-03-01,1,2026-04-01,3241.0,2415.1,2.768,2.711
PP-10ML,2025-10-01,4,2026-05-01,644.0,2282.2,3.07,2.711
PP-10ML,2025-12-01,3,2026-05-01,644.0,3503.6,3.07,2.711
PP-10ML,2026-02-01,2,2026-05-01,644.0,2953.2,3.07,2.711
PP-10ML,2026-04-01,1,2026-05-01,644.0,2305.6,3.07,2.711
PP-10ML,2026-05-01,1,2026-05-01,644.0,511.0,3.07,2.711
PP-10ML,2025-09-01,5,2026-06-01,2633.0,1767.5,2.984,2.711
PP-10ML,2025-11-01,4,2026-06-01,2633.0,2133.3,2.984,2.711
PP-10ML,2026-01-01,3,2026-06-01,2633.0,3324.9,2.984,2.711
PP-10ML,2026-03-01,2,2026-06-01,2633.0,2297.0,2.984,2.711
PP-10ML,2026-05-01,1,2026-06-01,2633.0,1913.9,2.984,2.711
PP-10ML,2026-06-01,1,2026-06-01,2633.0,5458.0,2.984,2.711
PP-10ML,2025-10-01,5,2026-07-01,3134.0,2470.4,2.859,2.711
PP-10ML,2025-12-01,4,2026-07-01,3134.0,3631.8,2.859,2.711
PP-10ML,2026-02-01,3,2026-07-01,3134.0,2516.8,2.859,2.711
PP-10ML,2026-04-01,2,2026-07-01,3134.0,2562.2,2.859,2.711
PP-10ML,2026-05-01,2,2026-07-01,3134.0,886.0,2.859,2.711
PP-10ML,2026-07-01,1,2026-07-01,3134.0,5719.0,2.859,2.711
PP-10ML-B,2025-09-01,1,2025-10-01,47.0,56.3,3.755,3.184
PP-10ML-B,2025-10-01,1,2025-11-01,160.0,229.6,3.749,3.184
PP-10ML-B,2025-09-01,2,2025-12-01,350.0,100.2,4.362,3.184
PP-10ML-B,2025-11-01,1,2025-12-01,350.0,139.8,4.362,3.184
PP-10ML-B,2025-10-01,2,2026-01-01,144.0,205.1,4.418,3.184
PP-10ML-B,2025-12-01,1,2026-01-01,144.0,233.6,4.418,3.184
PP-10ML-B,2025-09-01,3,2026-02-01,125.0,113.9,4.372,3.184
PP-10ML-B,2025-11-01,2,2026-02-01,125.0,135.2,4.372,3.184
PP-10ML-B,2026-01-01,1,2026-02-01,125.0,182.4,4.372,3.184
PP-10ML-B,2025-10-01,3,2026-03-01,47.0,139.9,4.829,3.184
PP-10ML-B,2025-12-01,2,2026-03-01,47.0,229.2,4.829,3.184
PP-10ML-B,2026-02-01,1,2026-03-01,47.0,156.6,4.829,3.184
PP-10ML-B,2025-09-01,4,2026-04-01,68.0,94.1,4.128,3.184
PP-10ML-B,2025-11-01,3,2026-04-01,68.0,99.2,4.128,3.184
PP-10ML-B,2026-01-01,2,2026-04-01,68.0,199.2,4.128,3.184
PP-10ML-B,2026-03-01,1,2026-04-01,68.0,106.8,4.128,3.184
PP-10ML-B,2025-10-01,4,2026-05-01,74.0,91.8,3.956,3.184
PP-10ML-B,2025-12-01,3,2026-05-01,74.0,221.9,3.956,3.184
PP-10ML-B,2026-02-01,2,2026-05-01,74.0,207.0,3.956,3.184
PP-10ML-B,2026-04-01,1,2026-05-01,74.0,94.8,3.956,3.184
PP-10ML-B,2025-09-01,5,2026-06-01,60.0,62.4,3.619,3.184
PP-10ML-B,2025-11-01,4,2026-06-01,60.0,91.6,3.619,3.184
PP-10ML-B,2026-01-01,3,2026-06-01,60.0,275.2,3.619,3.184
PP-10ML-B,2026-03-01,2,2026-06-01,60.0,106.6,3.619,3.184
PP-10ML-B,2026-05-01,1,2026-06-01,60.0,92.0,3.619,3.184
PP-10ML-B,2026-06-01,1,2026-06-01,60.0,95.0,3.619,3.184
PP-10ML-B,2025-10-01,5,2026-07-01,60.0,88.2,3.204,3.184
PP-10ML-B,2025-12-01,4,2026-07-01,60.0,219.1,3.204,3.184
PP-10ML-B,2026-02-01,3,2026-07-01,60.0,267.1,3.204,3.184
PP-10ML-B,2026-04-01,2,2026-07-01,60.0,96.8,3.204,3.184
PP-10ML-B,2026-07-01,1,2026-07-01,60.0,127.0,3.204,3.184
SET-10MLPACK,2025-09-01,1,2025-10-01,13566.0,5970.4,14.7,17.111
SET-10MLPACK,2025-10-01,1,2025-11-01,3024.0,13573.1,14.7,17.111
SET-10MLPACK,2025-09-01,2,2025-12-01,6606.0,9497.1,14.7,17.111
SET-10MLPACK,2025-11-01,1,2025-12-01,6606.0,3537.4,14.7,17.111
SET-10MLPACK,2025-10-01,2,2026-01-01,1098.0,6853.6,14.7,17.111
SET-10MLPACK,2025-12-01,1,2026-01-01,1098.0,5051.2,14.7,17.111
SET-10MLPACK,2025-09-01,3,2026-02-01,42.0,4364.1,15.0,17.111
SET-10MLPACK,2025-11-01,2,2026-02-01,42.0,1766.7,15.0,17.111
SET-10MLPACK,2026-01-01,1,2026-02-01,42.0,3122.1,15.0,17.111
SET-10MLPACK,2025-10-01,3,2026-03-01,162.0,2570.9,12.0,17.111
SET-10MLPACK,2025-12-01,2,2026-03-01,162.0,3916.5,12.0,17.111
SET-10MLPACK,2026-02-01,1,2026-03-01,162.0,1533.3,12.0,17.111
SET-10MLPACK,2025-09-01,4,2026-04-01,3414.0,887.8,14.7,17.111
SET-10MLPACK,2025-11-01,3,2026-04-01,3414.0,2199.2,14.7,17.111
SET-10MLPACK,2026-01-01,2,2026-04-01,3414.0,3720.9,14.7,17.111
SET-10MLPACK,2026-03-01,1,2026-04-01,3414.0,876.3,14.7,17.111
SET-10MLPACK,2025-10-01,4,2026-05-01,4548.0,2674.5,14.7,17.111
SET-10MLPACK,2025-12-01,3,2026-05-01,4548.0,4282.6,14.7,17.111
SET-10MLPACK,2026-02-01,2,2026-05-01,4548.0,953.6,14.7,17.111
SET-10MLPACK,2026-04-01,1,2026-05-01,4548.0,2301.9,14.7,17.111
SET-10MLPACK,2026-05-01,1,2026-05-01,4548.0,0.0,14.7,17.111
SET-10MLPACK,2025-09-01,5,2026-06-01,4530.0,982.3,14.7,17.111
SET-10MLPACK,2025-11-01,4,2026-06-01,4530.0,1996.1,14.7,17.111
SET-10MLPACK,2026-01-01,3,2026-06-01,4530.0,3121.7,14.7,17.111
SET-10MLPACK,2026-03-01,2,2026-06-01,4530.0,861.9,14.7,17.111
SET-10MLPACK,2026-05-01,1,2026-06-01,4530.0,4624.6,14.7,17.111
SET-10MLPACK,2026-06-01,1,2026-06-01,4530.0,4326.0,14.7,17.111
SET-10MLPACK,2025-10-01,5,2026-07-01,234.0,2656.9,14.7,17.111
SET-10MLPACK,2025-12-01,4,2026-07-01,234.0,4251.5,14.7,17.111
SET-10MLPACK,2026-02-01,3,2026-07-01,234.0,670.6,14.7,17.111
SET-10MLPACK,2026-04-01,2,2026-07-01,234.0,3355.2,14.7,17.111
SET-10MLPACK,2026-05-01,2,2026-07-01,234.0,0.0,14.7,17.111
SET-10MLPACK,2026-07-01,1,2026-07-01,234.0,2753.0,14.7,17.111
SET-2OZ-LV-V1,2025-09-01,1,2025-10-01,49763.0,30223.3,5.443,5.395
SET-2OZ-LV-V1,2025-10-01,1,2025-11-01,15786.0,31640.4,5.339,5.395
SET-2OZ-LV-V1,2025-09-01,2,2025-12-01,34036.0,28240.2,5.503,5.395
SET-2OZ-LV-V1,2025-11-01,1,2025-12-01,34036.0,25894.7,5.503,5.395
SET-2OZ-LV-V1,2025-10-01,2,2026-01-01,26632.0,32329.0,5.881,5.395
SET-2OZ-LV-V1,2025-12-01,1,2026-01-01,26632.0,29263.2,5.881,5.395
SET-2OZ-LV-V1,2025-09-01,3,2026-02-01,17160.0,27305.7,5.549,5.395
SET-2OZ-LV-V1,2025-11-01,2,2026-02-01,17160.0,25831.7,5.549,5.395
SET-2OZ-LV-V1,2026-01-01,1,2026-02-01,17160.0,31904.3,5.549,5.395
SET-2OZ-LV-V1,2025-10-01,3,2026-03-01,21734.0,33167.2,5.423,5.395
SET-2OZ-LV-V1,2025-12-01,2,2026-03-01,21734.0,29645.6,5.423,5.395
SET-2OZ-LV-V1,2026-02-01,1,2026-03-01,21734.0,21327.8,5.423,5.395
SET-2OZ-LV-V1,2025-09-01,4,2026-04-01,28392.0,27815.1,5.57,5.395
SET-2OZ-LV-V1,2025-11-01,3,2026-04-01,28392.0,25155.5,5.57,5.395
SET-2OZ-LV-V1,2026-01-01,2,2026-04-01,28392.0,31788.5,5.57,5.395
SET-2OZ-LV-V1,2026-03-01,1,2026-04-01,28392.0,22168.6,5.57,5.395
SET-2OZ-LV-V1,2025-10-01,4,2026-05-01,36489.0,31744.7,5.457,5.395
SET-2OZ-LV-V1,2025-12-01,3,2026-05-01,36489.0,30800.6,5.457,5.395
SET-2OZ-LV-V1,2026-02-01,2,2026-05-01,36489.0,22866.0,5.457,5.395
SET-2OZ-LV-V1,2026-04-01,1,2026-05-01,36489.0,23816.0,5.457,5.395
SET-2OZ-LV-V1,2026-05-01,1,2026-05-01,36489.0,21.0,5.457,5.395
SET-2OZ-LV-V1,2025-09-01,5,2026-06-01,10631.0,27600.0,5.505,5.395
SET-2OZ-LV-V1,2025-11-01,4,2026-06-01,10631.0,24557.8,5.505,5.395
SET-2OZ-LV-V1,2026-01-01,3,2026-06-01,10631.0,31277.7,5.505,5.395
SET-2OZ-LV-V1,2026-03-01,2,2026-06-01,10631.0,23662.9,5.505,5.395
SET-2OZ-LV-V1,2026-05-01,1,2026-06-01,10631.0,25194.6,5.505,5.395
SET-2OZ-LV-V1,2026-06-01,1,2026-06-01,10631.0,25709.0,5.505,5.395
SET-2OZ-LV-V1,2025-10-01,5,2026-07-01,16010.0,31449.2,5.267,5.395
SET-2OZ-LV-V1,2025-12-01,4,2026-07-01,16010.0,30150.2,5.267,5.395
SET-2OZ-LV-V1,2026-02-01,3,2026-07-01,16010.0,22703.6,5.267,5.395
SET-2OZ-LV-V1,2026-04-01,2,2026-07-01,16010.0,26365.0,5.267,5.395
SET-2OZ-LV-V1,2026-05-01,2,2026-07-01,16010.0,25.0,5.267,5.395
SET-2OZ-LV-V1,2026-07-01,1,2026-07-01,16010.0,25706.0,5.267,5.395
SET-2OZ-LVP-V1,2025-09-01,1,2025-10-01,4068.0,1443.6,5.339,5.523
SET-2OZ-LVP-V1,2025-10-01,1,2025-11-01,5688.0,2631.0,5.436,5.523
SET-2OZ-LVP-V1,2025-09-01,2,2025-12-01,1164.0,1601.0,5.454,5.523
SET-2OZ-LVP-V1,2025-11-01,1,2025-12-01,1164.0,3885.7,5.454,5.523
SET-2OZ-LVP-V1,2025-10-01,2,2026-01-01,576.0,2472.9,5.282,5.523
SET-2OZ-LVP-V1,2025-12-01,1,2026-01-01,576.0,3370.4,5.282,5.523
SET-2OZ-LVP-V1,2025-09-01,3,2026-02-01,3540.0,1547.0,4.813,5.523
SET-2OZ-LVP-V1,2025-11-01,2,2026-02-01,3540.0,3224.5,4.813,5.523
SET-2OZ-LVP-V1,2026-01-01,1,2026-02-01,3540.0,2381.8,4.813,5.523
SET-2OZ-LVP-V1,2025-10-01,3,2026-03-01,1296.0,2542.6,5.32,5.523
SET-2OZ-LVP-V1,2025-12-01,2,2026-03-01,1296.0,3353.1,5.32,5.523
SET-2OZ-LVP-V1,2026-02-01,1,2026-03-01,1296.0,1698.0,5.32,5.523
SET-2OZ-LVP-V1,2025-09-01,4,2026-04-01,854.0,1639.0,6.092,5.523
SET-2OZ-LVP-V1,2025-11-01,3,2026-04-01,854.0,3586.5,6.092,5.523
SET-2OZ-LVP-V1,2026-01-01,2,2026-04-01,854.0,2316.2,6.092,5.523
SET-2OZ-LVP-V1,2026-03-01,1,2026-04-01,854.0,1710.5,6.092,5.523
SET-2OZ-LVP-V1,2025-10-01,4,2026-05-01,382.0,2466.6,5.488,5.523
SET-2OZ-LVP-V1,2025-12-01,3,2026-05-01,382.0,3270.6,5.488,5.523
SET-2OZ-LVP-V1,2026-02-01,2,2026-05-01,382.0,1608.5,5.488,5.523
SET-2OZ-LVP-V1,2026-04-01,1,2026-05-01,382.0,1627.3,5.488,5.523
SET-2OZ-LVP-V1,2026-05-01,1,2026-05-01,382.0,287.0,5.488,5.523
SET-2OZ-LVP-V1,2025-09-01,5,2026-06-01,1274.0,1703.1,5.623,5.523
SET-2OZ-LVP-V1,2025-11-01,4,2026-06-01,1274.0,3905.0,5.623,5.523
SET-2OZ-LVP-V1,2026-01-01,3,2026-06-01,1274.0,2333.7,5.623,5.523
SET-2OZ-LVP-V1,2026-03-01,2,2026-06-01,1274.0,1808.2,5.623,5.523
SET-2OZ-LVP-V1,2026-05-01,1,2026-06-01,1274.0,1162.3,5.623,5.523
SET-2OZ-LVP-V1,2026-06-01,1,2026-06-01,1274.0,3458.0,5.623,5.523
SET-2OZ-LVP-V1,2025-10-01,5,2026-07-01,1322.0,2875.4,6.119,5.523
SET-2OZ-LVP-V1,2025-12-01,4,2026-07-01,1322.0,3832.0,6.119,5.523
SET-2OZ-LVP-V1,2026-02-01,3,2026-07-01,1322.0,1751.7,6.119,5.523
SET-2OZ-LVP-V1,2026-04-01,2,2026-07-01,1322.0,1992.5,6.119,5.523
SET-2OZ-LVP-V1,2026-05-01,2,2026-07-01,1322.0,629.0,6.119,5.523
SET-2OZ-LVP-V1,2026-07-01,1,2026-07-01,1322.0,2258.0,6.119,5.523
SET-2OZ-PP-V1,2025-09-01,1,2025-10-01,45710.0,43910.2,5.326,5.672
SET-2OZ-PP-V1,2025-10-01,1,2025-11-01,37971.0,45398.4,5.431,5.672
SET-2OZ-PP-V1,2025-09-01,2,2025-12-01,44719.0,42711.0,5.537,5.672
SET-2OZ-PP-V1,2025-11-01,1,2025-12-01,44719.0,41887.0,5.537,5.672
SET-2OZ-PP-V1,2025-10-01,2,2026-01-01,41827.0,43950.3,5.461,5.672
SET-2OZ-PP-V1,2025-12-01,1,2026-01-01,41827.0,44677.5,5.461,5.672
SET-2OZ-PP-V1,2025-09-01,3,2026-02-01,13183.0,39621.1,5.508,5.672
SET-2OZ-PP-V1,2025-11-01,2,2026-02-01,13183.0,41445.7,5.508,5.672
SET-2OZ-PP-V1,2026-01-01,1,2026-02-01,13183.0,43599.1,5.508,5.672
SET-2OZ-PP-V1,2025-10-01,3,2026-03-01,25097.0,45877.5,5.45,5.672
SET-2OZ-PP-V1,2025-12-01,2,2026-03-01,25097.0,43785.7,5.45,5.672
SET-2OZ-PP-V1,2026-02-01,1,2026-03-01,25097.0,33864.0,5.45,5.672
SET-2OZ-PP-V1,2025-09-01,4,2026-04-01,21112.0,41003.6,5.48,5.672
SET-2OZ-PP-V1,2025-11-01,3,2026-04-01,21112.0,41103.9,5.48,5.672
SET-2OZ-PP-V1,2026-01-01,2,2026-04-01,21112.0,43664.3,5.48,5.672
SET-2OZ-PP-V1,2026-03-01,1,2026-04-01,21112.0,30057.3,5.48,5.672
SET-2OZ-PP-V1,2025-10-01,4,2026-05-01,20496.0,42970.7,5.39,5.672
SET-2OZ-PP-V1,2025-12-01,3,2026-05-01,20496.0,44450.2,5.39,5.672
SET-2OZ-PP-V1,2026-02-01,2,2026-05-01,20496.0,33127.4,5.39,5.672
SET-2OZ-PP-V1,2026-04-01,1,2026-05-01,20496.0,29307.7,5.39,5.672
SET-2OZ-PP-V1,2026-05-01,1,2026-05-01,20496.0,23.0,5.39,5.672
SET-2OZ-PP-V1,2025-09-01,5,2026-06-01,18663.0,40120.9,5.485,5.672
SET-2OZ-PP-V1,2025-11-01,4,2026-06-01,18663.0,42059.7,5.485,5.672
SET-2OZ-PP-V1,2026-01-01,3,2026-06-01,18663.0,45124.4,5.485,5.672
SET-2OZ-PP-V1,2026-03-01,2,2026-06-01,18663.0,29768.4,5.485,5.672
SET-2OZ-PP-V1,2026-05-01,1,2026-06-01,18663.0,29246.4,5.485,5.672
SET-2OZ-PP-V1,2026-06-01,1,2026-06-01,18663.0,29412.0,5.485,5.672
SET-2OZ-PP-V1,2025-10-01,5,2026-07-01,16964.0,45304.6,5.378,5.672
SET-2OZ-PP-V1,2025-12-01,4,2026-07-01,16964.0,44343.4,5.378,5.672
SET-2OZ-PP-V1,2026-02-01,3,2026-07-01,16964.0,33315.2,5.378,5.672
SET-2OZ-PP-V1,2026-04-01,2,2026-07-01,16964.0,30495.8,5.378,5.672
SET-2OZ-PP-V1,2026-05-01,2,2026-07-01,16964.0,27.0,5.378,5.672
SET-2OZ-PP-V1,2026-07-01,1,2026-07-01,16964.0,31650.0,5.378,5.672
SET-2OZ-RF-V1,2025-09-01,1,2025-10-01,4269.0,1932.8,5.969,5.82
SET-2OZ-RF-V1,2025-10-01,1,2025-11-01,4561.0,2684.0,6.531,5.82
SET-2OZ-RF-V1,2025-09-01,2,2025-12-01,4862.0,1981.5,5.969,5.82
SET-2OZ-RF-V1,2025-11-01,1,2025-12-01,4862.0,3653.0,5.969,5.82
SET-2OZ-RF-V1,2025-10-01,2,2026-01-01,4010.0,2541.7,6.333,5.82
SET-2OZ-RF-V1,2025-12-01,1,2026-01-01,4010.0,4442.6,6.333,5.82
SET-2OZ-RF-V1,2025-09-01,3,2026-02-01,5350.0,2119.7,5.65,5.82
SET-2OZ-RF-V1,2025-11-01,2,2026-02-01,5350.0,3559.5,5.65,5.82
SET-2OZ-RF-V1,2026-01-01,1,2026-02-01,5350.0,3810.6,5.65,5.82
SET-2OZ-RF-V1,2025-10-01,3,2026-03-01,6312.0,2670.1,5.766,5.82
SET-2OZ-RF-V1,2025-12-01,2,2026-03-01,6312.0,3925.3,5.766,5.82
SET-2OZ-RF-V1,2026-02-01,1,2026-03-01,6312.0,3576.8,5.766,5.82
SET-2OZ-RF-V1,2025-09-01,4,2026-04-01,3134.0,2100.5,6.062,5.82
SET-2OZ-RF-V1,2025-11-01,3,2026-04-01,3134.0,3416.3,6.062,5.82
SET-2OZ-RF-V1,2026-01-01,2,2026-04-01,3134.0,3762.0,6.062,5.82
SET-2OZ-RF-V1,2026-03-01,1,2026-04-01,3134.0,5082.7,6.062,5.82
SET-2OZ-RF-V1,2025-10-01,4,2026-05-01,2687.0,2463.7,5.928,5.82
SET-2OZ-RF-V1,2025-12-01,3,2026-05-01,2687.0,4009.7,5.928,5.82
SET-2OZ-RF-V1,2026-02-01,2,2026-05-01,2687.0,3454.7,5.928,5.82
SET-2OZ-RF-V1,2026-04-01,1,2026-05-01,2687.0,4021.0,5.928,5.82
SET-2OZ-RF-V1,2026-05-01,1,2026-05-01,2687.0,19.0,5.928,5.82
SET-2OZ-RF-V1,2025-09-01,5,2026-06-01,1017.0,2119.2,5.609,5.82
SET-2OZ-RF-V1,2025-11-01,4,2026-06-01,1017.0,3678.5,5.609,5.82
SET-2OZ-RF-V1,2026-01-01,3,2026-06-01,1017.0,3733.8,5.609,5.82
SET-2OZ-RF-V1,2026-03-01,2,2026-06-01,1017.0,5150.7,5.609,5.82
SET-2OZ-RF-V1,2026-05-01,1,2026-06-01,1017.0,3161.2,5.609,5.82
SET-2OZ-RF-V1,2026-06-01,1,2026-06-01,1017.0,3622.0,5.609,5.82
SET-2OZ-RF-V1,2025-10-01,5,2026-07-01,1810.0,2487.6,5.515,5.82
SET-2OZ-RF-V1,2025-12-01,4,2026-07-01,1810.0,4183.0,5.515,5.82
SET-2OZ-RF-V1,2026-02-01,3,2026-07-01,1810.0,3450.2,5.515,5.82
SET-2OZ-RF-V1,2026-04-01,2,2026-07-01,1810.0,4204.1,5.515,5.82
SET-2OZ-RF-V1,2026-05-01,2,2026-07-01,1810.0,23.0,5.515,5.82
SET-2OZ-RF-V1,2026-07-01,1,2026-07-01,1810.0,3127.0,5.515,5.82
SET-2OZ-TH-V1,2025-09-01,1,2025-10-01,10598.0,6845.9,5.786,5.754
SET-2OZ-TH-V1,2025-10-01,1,2025-11-01,4888.0,6878.3,6.005,5.754
SET-2OZ-TH-V1,2025-09-01,2,2025-12-01,5367.0,5894.3,6.203,5.754
SET-2OZ-TH-V1,2025-11-01,1,2025-12-01,5367.0,5640.7,6.203,5.754
SET-2OZ-TH-V1,2025-10-01,2,2026-01-01,1888.0,6360.0,6.147,5.754
SET-2OZ-TH-V1,2025-12-01,1,2026-01-01,1888.0,5725.7,6.147,5.754
SET-2OZ-TH-V1,2025-09-01,3,2026-02-01,1779.0,5931.0,6.059,5.754
SET-2OZ-TH-V1,2025-11-01,2,2026-02-01,1779.0,5984.1,6.059,5.754
SET-2OZ-TH-V1,2026-01-01,1,2026-02-01,1779.0,5350.0,6.059,5.754
SET-2OZ-TH-V1,2025-10-01,3,2026-03-01,3634.0,6646.4,6.227,5.754
SET-2OZ-TH-V1,2025-12-01,2,2026-03-01,3634.0,5630.4,6.227,5.754
SET-2OZ-TH-V1,2026-02-01,1,2026-03-01,3634.0,2638.5,6.227,5.754
SET-2OZ-TH-V1,2025-09-01,4,2026-04-01,3644.0,6285.1,5.989,5.754
SET-2OZ-TH-V1,2025-11-01,3,2026-04-01,3644.0,5606.5,5.989,5.754
SET-2OZ-TH-V1,2026-01-01,2,2026-04-01,3644.0,5515.7,5.989,5.754
SET-2OZ-TH-V1,2026-03-01,1,2026-04-01,3644.0,2650.2,5.989,5.754
SET-2OZ-TH-V1,2025-10-01,4,2026-05-01,4178.0,6348.7,5.984,5.754
SET-2OZ-TH-V1,2025-12-01,3,2026-05-01,4178.0,5579.6,5.984,5.754
SET-2OZ-TH-V1,2026-02-01,2,2026-05-01,4178.0,2490.6,5.984,5.754
SET-2OZ-TH-V1,2026-04-01,1,2026-05-01,4178.0,2385.0,5.984,5.754
SET-2OZ-TH-V1,2026-05-01,1,2026-05-01,4178.0,0.0,5.984,5.754
SET-2OZ-TH-V1,2025-09-01,5,2026-06-01,2506.0,5885.1,6.069,5.754
SET-2OZ-TH-V1,2025-11-01,4,2026-06-01,2506.0,5787.1,6.069,5.754
SET-2OZ-TH-V1,2026-01-01,3,2026-06-01,2506.0,5369.8,6.069,5.754
SET-2OZ-TH-V1,2026-03-01,2,2026-06-01,2506.0,2584.3,6.069,5.754
SET-2OZ-TH-V1,2026-05-01,1,2026-06-01,2506.0,2718.8,6.069,5.754
SET-2OZ-TH-V1,2026-06-01,1,2026-06-01,2506.0,3861.0,6.069,5.754
SET-2OZ-TH-V1,2025-10-01,5,2026-07-01,2661.0,6502.2,6.01,5.754
SET-2OZ-TH-V1,2025-12-01,4,2026-07-01,2661.0,5381.7,6.01,5.754
SET-2OZ-TH-V1,2026-02-01,3,2026-07-01,2661.0,2456.1,6.01,5.754
SET-2OZ-TH-V1,2026-04-01,2,2026-07-01,2661.0,2518.1,6.01,5.754
SET-2OZ-TH-V1,2026-05-01,2,2026-07-01,2661.0,0.0,6.01,5.754
SET-2OZ-TH-V1,2026-07-01,1,2026-07-01,2661.0,4051.0,6.01,5.754
SET-MCM-CB,2025-09-01,1,2025-10-01,883.0,774.7,11.678,12.888
SET-MCM-CB,2025-10-01,1,2025-11-01,1307.0,812.0,12.664,12.888
SET-MCM-CB,2025-09-01,2,2025-12-01,736.0,802.9,13.807,12.888
SET-MCM-CB,2025-11-01,1,2025-12-01,736.0,839.4,13.807,12.888
SET-MCM-CB,2025-10-01,2,2026-01-01,427.0,667.3,11.299,12.888
SET-MCM-CB,2025-12-01,1,2026-01-01,427.0,975.4,11.299,12.888
SET-MCM-CB,2025-09-01,3,2026-02-01,143.0,640.3,11.904,12.888
SET-MCM-CB,2025-11-01,2,2026-02-01,143.0,832.2,11.904,12.888
SET-MCM-CB,2026-01-01,1,2026-02-01,143.0,918.2,11.904,12.888
SET-MCM-CB,2025-10-01,3,2026-03-01,501.0,682.6,11.185,12.888
SET-MCM-CB,2025-12-01,2,2026-03-01,501.0,969.4,11.185,12.888
SET-MCM-CB,2026-02-01,1,2026-03-01,501.0,645.1,11.185,12.888
SET-MCM-CB,2025-09-01,4,2026-04-01,8732.0,654.6,10.879,12.888
SET-MCM-CB,2025-11-01,3,2026-04-01,8732.0,690.3,10.879,12.888
SET-MCM-CB,2026-01-01,2,2026-04-01,8732.0,925.1,10.879,12.888
SET-MCM-CB,2026-03-01,1,2026-04-01,8732.0,612.5,10.879,12.888
SET-MCM-CB,2025-10-01,4,2026-05-01,8718.0,618.8,10.928,12.888
SET-MCM-CB,2025-12-01,3,2026-05-01,8718.0,1030.6,10.928,12.888
SET-MCM-CB,2026-02-01,2,2026-05-01,8718.0,681.0,10.928,12.888
SET-MCM-CB,2026-04-01,1,2026-05-01,8718.0,621.9,10.928,12.888
SET-MCM-CB,2026-05-01,1,2026-05-01,8718.0,0.0,10.928,12.888
SET-MCM-CB,2025-09-01,5,2026-06-01,409.0,613.7,13.591,12.888
SET-MCM-CB,2025-11-01,4,2026-06-01,409.0,778.0,13.591,12.888
SET-MCM-CB,2026-01-01,3,2026-06-01,409.0,870.6,13.591,12.888
SET-MCM-CB,2026-03-01,2,2026-06-01,409.0,618.4,13.591,12.888
SET-MCM-CB,2026-05-01,1,2026-06-01,409.0,4417.2,13.591,12.888
SET-MCM-CB,2026-06-01,1,2026-06-01,409.0,4509.0,13.591,12.888
SET-MCM-CB,2025-10-01,5,2026-07-01,913.0,687.2,11.442,12.888
SET-MCM-CB,2025-12-01,4,2026-07-01,913.0,1003.8,11.442,12.888
SET-MCM-CB,2026-02-01,3,2026-07-01,913.0,665.4,11.442,12.888
SET-MCM-CB,2026-04-01,2,2026-07-01,913.0,676.9,11.442,12.888
SET-MCM-CB,2026-05-01,2,2026-07-01,913.0,0.0,11.442,12.888
SET-MCM-CB,2026-07-01,1,2026-07-01,913.0,1742.0,11.442,12.888
ST9430,2025-09-01,1,2025-10-01,20094.0,18631.2,5.338,5.364
ST9430,2025-10-01,1,2025-11-01,24420.0,18827.0,5.44,5.364
ST9430,2025-09-01,2,2025-12-01,29592.0,19669.3,5.447,5.364
ST9430,2025-11-01,1,2025-12-01,29592.0,19004.8,5.447,5.364
ST9430,2025-10-01,2,2026-01-01,9036.0,20584.6,5.431,5.364
ST9430,2025-12-01,1,2026-01-01,9036.0,29433.8,5.431,5.364
ST9430,2025-09-01,3,2026-02-01,49620.0,21460.8,5.181,5.364
ST9430,2025-11-01,2,2026-02-01,49620.0,21364.2,5.181,5.364
ST9430,2026-01-01,1,2026-02-01,49620.0,28231.2,5.181,5.364
ST9430,2025-10-01,3,2026-03-01,20778.0,21978.6,5.289,5.364
ST9430,2025-12-01,2,2026-03-01,20778.0,34206.5,5.289,5.364
ST9430,2026-02-01,1,2026-03-01,20778.0,16743.3,5.289,5.364
ST9430,2025-09-01,4,2026-04-01,37914.0,20786.5,5.387,5.364
ST9430,2025-11-01,3,2026-04-01,37914.0,22336.0,5.387,5.364
ST9430,2026-01-01,2,2026-04-01,37914.0,29733.3,5.387,5.364
ST9430,2026-03-01,1,2026-04-01,37914.0,14449.0,5.387,5.364
ST9430,2025-10-01,4,2026-05-01,52410.0,22194.4,5.429,5.364
ST9430,2025-12-01,3,2026-05-01,52410.0,33920.2,5.429,5.364
ST9430,2026-02-01,2,2026-05-01,52410.0,16886.9,5.429,5.364
ST9430,2026-04-01,1,2026-05-01,52410.0,17530.2,5.429,5.364
ST9430,2026-05-01,1,2026-05-01,52410.0,41.0,5.429,5.364
ST9430,2025-09-01,5,2026-06-01,69654.0,20834.8,5.477,5.364
ST9430,2025-11-01,4,2026-06-01,69654.0,23422.9,5.477,5.364
ST9430,2026-01-01,3,2026-06-01,69654.0,30244.3,5.477,5.364
ST9430,2026-03-01,2,2026-06-01,69654.0,14450.0,5.477,5.364
ST9430,2026-05-01,1,2026-06-01,69654.0,26464.1,5.477,5.364
ST9430,2026-06-01,1,2026-06-01,69654.0,43273.0,5.477,5.364
ST9430,2025-10-01,5,2026-07-01,40416.0,22700.3,5.41,5.364
ST9430,2025-12-01,4,2026-07-01,40416.0,35109.1,5.41,5.364
ST9430,2026-02-01,3,2026-07-01,40416.0,16532.6,5.41,5.364
ST9430,2026-04-01,2,2026-07-01,40416.0,19211.3,5.41,5.364
ST9430,2026-05-01,2,2026-07-01,40416.0,46.0,5.41,5.364
ST9430,2026-07-01,1,2026-07-01,40416.0,59010.0,5.41,5.364
TH-004-CB,2025-09-01,1,2025-10-01,145.0,57.2,9.648,8.137
TH-004-CB,2025-10-01,1,2025-11-01,72.0,122.6,10.708,8.137
TH-004-CB,2025-09-01,2,2025-12-01,92.0,74.9,10.237,8.137
TH-004-CB,2025-11-01,1,2025-12-01,92.0,69.2,10.237,8.137
TH-004-CB,2025-10-01,2,2026-01-01,227.0,59.7,10.178,8.137
TH-004-CB,2025-12-01,1,2026-01-01,227.0,187.1,10.178,8.137
TH-004-CB,2025-09-01,3,2026-02-01,139.0,48.8,9.648,8.137
TH-004-CB,2025-11-01,2,2026-02-01,139.0,81.3,9.648,8.137
TH-004-CB,2026-01-01,1,2026-02-01,139.0,207.7,9.648,8.137
TH-004-CB,2025-10-01,3,2026-03-01,336.0,113.9,7.337,8.137
TH-004-CB,2025-12-01,2,2026-03-01,336.0,188.4,7.337,8.137
TH-004-CB,2026-02-01,1,2026-03-01,336.0,177.4,7.337,8.137
TH-004-CB,2025-09-01,4,2026-04-01,1072.0,79.0,9.078,8.137
TH-004-CB,2025-11-01,3,2026-04-01,1072.0,82.5,9.078,8.137
TH-004-CB,2026-01-01,2,2026-04-01,1072.0,217.4,9.078,8.137
TH-004-CB,2026-03-01,1,2026-04-01,1072.0,207.8,9.078,8.137
TH-004-CB,2025-10-01,4,2026-05-01,80.0,111.6,8.858,8.137
TH-004-CB,2025-12-01,3,2026-05-01,80.0,200.9,8.858,8.137
TH-004-CB,2026-02-01,2,2026-05-01,80.0,177.2,8.858,8.137
TH-004-CB,2026-04-01,1,2026-05-01,80.0,344.2,8.858,8.137
TH-004-CB,2026-05-01,1,2026-05-01,80.0,0.0,8.858,8.137
TH-004-CB,2025-09-01,5,2026-06-01,1117.0,64.7,9.747,8.137
TH-004-CB,2025-11-01,4,2026-06-01,1117.0,91.9,9.747,8.137
TH-004-CB,2026-01-01,3,2026-06-01,1117.0,205.9,9.747,8.137
TH-004-CB,2026-03-01,2,2026-06-01,1117.0,205.8,9.747,8.137
TH-004-CB,2026-05-01,1,2026-06-01,1117.0,305.5,9.747,8.137
TH-004-CB,2026-06-01,1,2026-06-01,1117.0,392.0,9.747,8.137
TH-004-CB,2025-10-01,5,2026-07-01,4197.0,124.6,10.185,8.137
TH-004-CB,2025-12-01,4,2026-07-01,4197.0,194.8,10.185,8.137
TH-004-CB,2026-02-01,3,2026-07-01,4197.0,174.2,10.185,8.137
TH-004-CB,2026-04-01,2,2026-07-01,4197.0,347.1,10.185,8.137
TH-004-CB,2026-05-01,2,2026-07-01,4197.0,0.0,10.185,8.137
TH-004-CB,2026-07-01,1,2026-07-01,4197.0,585.0,10.185,8.137
TH-004-CB-AMZ,2025-09-01,1,2025-10-01,3384.0,1155.7,9.55,8.788
TH-004-CB-AMZ,2025-10-01,1,2025-11-01,108.0,1794.7,9.55,8.788
TH-004-CB-AMZ,2025-09-01,2,2025-12-01,4500.0,975.0,9.55,8.788
TH-004-CB-AMZ,2025-11-01,1,2025-12-01,4500.0,939.0,9.55,8.788
TH-004-CB-AMZ,2025-10-01,2,2026-01-01,3960.0,1480.2,9.55,8.788
TH-004-CB-AMZ,2025-12-01,1,2026-01-01,3960.0,2543.7,9.55,8.788
TH-004-CB-AMZ,2025-09-01,3,2026-02-01,2124.0,1096.2,9.55,8.788
TH-004-CB-AMZ,2025-11-01,2,2026-02-01,2124.0,1089.7,9.55,8.788
TH-004-CB-AMZ,2026-01-01,1,2026-02-01,2124.0,2382.7,9.55,8.788
TH-004-CB-AMZ,2025-10-01,3,2026-03-01,984.0,1452.4,9.55,8.788
TH-004-CB-AMZ,2025-12-01,2,2026-03-01,984.0,2189.4,9.55,8.788
TH-004-CB-AMZ,2026-02-01,1,2026-03-01,984.0,1986.2,9.55,8.788
TH-004-CB-AMZ,2025-09-01,4,2026-04-01,2268.0,1052.5,9.55,8.788
TH-004-CB-AMZ,2025-11-01,3,2026-04-01,2268.0,1031.1,9.55,8.788
TH-004-CB-AMZ,2026-01-01,2,2026-04-01,2268.0,2389.5,9.55,8.788
TH-004-CB-AMZ,2026-03-01,1,2026-04-01,2268.0,1885.1,9.55,8.788
TH-004-CB-AMZ,2025-10-01,4,2026-05-01,336.0,1279.2,9.55,8.788
TH-004-CB-AMZ,2025-12-01,3,2026-05-01,336.0,2203.9,9.55,8.788
TH-004-CB-AMZ,2026-02-01,2,2026-05-01,336.0,2291.7,9.55,8.788
TH-004-CB-AMZ,2026-04-01,1,2026-05-01,336.0,1817.9,9.55,8.788
TH-004-CB-AMZ,2025-09-01,5,2026-06-01,2472.0,999.7,9.55,8.788
TH-004-CB-AMZ,2025-11-01,4,2026-06-01,2472.0,1104.9,9.55,8.788
TH-004-CB-AMZ,2026-01-01,3,2026-06-01,2472.0,2465.5,9.55,8.788
TH-004-CB-AMZ,2026-03-01,2,2026-06-01,2472.0,1777.0,9.55,8.788
TH-004-CB-AMZ,2026-05-01,1,2026-06-01,2472.0,1657.7,9.55,8.788
TH-004-CB-AMZ,2026-06-01,1,2026-06-01,2472.0,1609.0,9.55,8.788
TH-004-CB-AMZ,2025-10-01,5,2026-07-01,1896.0,1353.6,8.715,8.788
TH-004-CB-AMZ,2025-12-01,4,2026-07-01,1896.0,2363.4,8.715,8.788
TH-004-CB-AMZ,2026-02-01,3,2026-07-01,1896.0,2237.8,8.715,8.788
TH-004-CB-AMZ,2026-04-01,2,2026-07-01,1896.0,2028.4,8.715,8.788
TH-004-CB-AMZ,2026-07-01,1,2026-07-01,1896.0,1934.0,8.715,8.788
TH-016-BR,2025-09-01,1,2025-10-01,432.0,1101.0,16.032,14.687
TH-016-BR,2025-10-01,1,2025-11-01,726.0,1169.8,15.71,14.687
TH-016-BR,2025-09-01,2,2025-12-01,204.0,1190.5,17.125,14.687
TH-016-BR,2025-11-01,1,2025-12-01,204.0,1020.4,17.125,14.687
TH-016-BR,2025-10-01,2,2026-01-01,888.0,1105.9,16.274,14.687
TH-016-BR,2025-12-01,1,2026-01-01,888.0,934.5,16.274,14.687
TH-016-BR,2025-09-01,3,2026-02-01,1068.0,1237.8,13.722,14.687
TH-016-BR,2025-11-01,2,2026-02-01,1068.0,1058.5,13.722,14.687
TH-016-BR,2026-01-01,1,2026-02-01,1068.0,938.5,13.722,14.687
TH-016-BR,2025-10-01,3,2026-03-01,432.0,1276.0,17.125,14.687
TH-016-BR,2025-12-01,2,2026-03-01,432.0,943.7,17.125,14.687
TH-016-BR,2026-02-01,1,2026-03-01,432.0,926.4,17.125,14.687
TH-016-BR,2025-09-01,4,2026-04-01,1092.0,1133.9,16.0,14.687
TH-016-BR,2025-11-01,3,2026-04-01,1092.0,1069.0,16.0,14.687
TH-016-BR,2026-01-01,2,2026-04-01,1092.0,958.9,16.0,14.687
TH-016-BR,2026-03-01,1,2026-04-01,1092.0,836.9,16.0,14.687
TH-016-BR,2025-10-01,4,2026-05-01,246.0,1356.2,16.0,14.687
TH-016-BR,2025-12-01,3,2026-05-01,246.0,925.3,16.0,14.687
TH-016-BR,2026-02-01,2,2026-05-01,246.0,857.9,16.0,14.687
TH-016-BR,2026-04-01,1,2026-05-01,246.0,922.1,16.0,14.687
TH-016-BR,2025-09-01,5,2026-06-01,1350.0,1085.0,13.346,14.687
TH-016-BR,2025-11-01,4,2026-06-01,1350.0,1103.8,13.346,14.687
TH-016-BR,2026-01-01,3,2026-06-01,1350.0,913.5,13.346,14.687
TH-016-BR,2026-03-01,2,2026-06-01,1350.0,803.1,13.346,14.687
TH-016-BR,2026-05-01,1,2026-06-01,1350.0,750.5,13.346,14.687
TH-016-BR,2026-06-01,1,2026-06-01,1350.0,1242.0,13.346,14.687
TH-016-BR,2025-10-01,5,2026-07-01,1128.0,1288.1,13.355,14.687
TH-016-BR,2025-12-01,4,2026-07-01,1128.0,941.4,13.355,14.687
TH-016-BR,2026-02-01,3,2026-07-01,1128.0,764.8,13.355,14.687
TH-016-BR,2026-04-01,2,2026-07-01,1128.0,996.8,13.355,14.687
TH-016-BR,2026-07-01,1,2026-07-01,1128.0,867.0,13.355,14.687
TH-10ML,2025-09-01,1,2025-10-01,900.0,1778.9,2.625,2.684
TH-10ML,2025-10-01,1,2025-11-01,468.0,1361.5,2.52,2.684
TH-10ML,2025-09-01,2,2025-12-01,516.0,1656.1,2.642,2.684
TH-10ML,2025-11-01,1,2025-12-01,516.0,1162.1,2.642,2.684
TH-10ML,2025-10-01,2,2026-01-01,1584.0,1505.1,2.618,2.684
TH-10ML,2025-12-01,1,2026-01-01,1584.0,1526.2,2.618,2.684
TH-10ML,2025-09-01,3,2026-02-01,504.0,1749.1,2.432,2.684
TH-10ML,2025-11-01,2,2026-02-01,504.0,1483.3,2.432,2.684
TH-10ML,2026-01-01,1,2026-02-01,504.0,1425.4,2.432,2.684
TH-10ML,2025-10-01,3,2026-03-01,768.0,1690.9,2.538,2.684
TH-10ML,2025-12-01,2,2026-03-01,768.0,1562.4,2.538,2.684
TH-10ML,2026-02-01,1,2026-03-01,768.0,1247.0,2.538,2.684
TH-10ML,2025-09-01,4,2026-04-01,960.0,1861.2,2.501,2.684
TH-10ML,2025-11-01,3,2026-04-01,960.0,1654.4,2.501,2.684
TH-10ML,2026-01-01,2,2026-04-01,960.0,1435.4,2.501,2.684
TH-10ML,2026-03-01,1,2026-04-01,960.0,1443.0,2.501,2.684
TH-10ML,2025-10-01,4,2026-05-01,528.0,1894.9,2.538,2.684
TH-10ML,2025-12-01,3,2026-05-01,528.0,1686.4,2.538,2.684
TH-10ML,2026-02-01,2,2026-05-01,528.0,1239.3,2.538,2.684
TH-10ML,2026-04-01,1,2026-05-01,528.0,1171.2,2.538,2.684
TH-10ML,2026-05-01,1,2026-05-01,528.0,520.0,2.538,2.684
TH-10ML,2025-09-01,5,2026-06-01,408.0,1826.9,2.599,2.684
TH-10ML,2025-11-01,4,2026-06-01,408.0,1551.6,2.599,2.684
TH-10ML,2026-01-01,3,2026-06-01,408.0,1414.1,2.599,2.684
TH-10ML,2026-03-01,2,2026-06-01,408.0,1459.5,2.599,2.684
TH-10ML,2026-05-01,1,2026-06-01,408.0,679.4,2.599,2.684
TH-10ML,2026-06-01,1,2026-06-01,408.0,980.0,2.599,2.684
TH-10ML,2025-10-01,5,2026-07-01,348.0,1683.5,2.544,2.684
TH-10ML,2025-12-01,4,2026-07-01,348.0,1704.3,2.544,2.684
TH-10ML,2026-02-01,3,2026-07-01,348.0,1190.2,2.544,2.684
TH-10ML,2026-04-01,2,2026-07-01,348.0,1385.8,2.544,2.684
TH-10ML,2026-05-01,2,2026-07-01,348.0,644.0,2.544,2.684
TH-10ML,2026-07-01,1,2026-07-01,348.0,933.0,2.544,2.684
